time,edge_id,vehicle_count
60.0,-1334905223#2,1
60.0,-49695726,2
60.0,-51362430,1
60.0,-593847703#3,2
60.0,-593847704#2,1
60.0,1068234498#0,2
60.0,182336886,1
60.0,182336887#2,1
60.0,196961215#0,2
60.0,196961215#2,2
60.0,196961377#0,2
60.0,196961377#3,3
60.0,232003903#0,2
60.0,241518668#0,2
60.0,244450512#5,1
60.0,268564473#0,1
60.0,30620492#1,2
60.0,353392316#0,1
60.0,48794887#0,3
60.0,49073272#4,1
60.0,49695726,1
60.0,506322841#1,3
60.0,506322851#0,4
60.0,51362429#0,1
60.0,593842812#2,2
60.0,593844221#0,1
60.0,593847703#0,1
60.0,593849711#0,1
60.0,593849711#2,1
60.0,:2749340167_0,1
60.0,:631668826_0,1
60.0,:cluster_5372642442_631668976_631668981_631669076_12,2
60.0,:cluster_623980090_623980094_1,1
60.0,:cluster_623980147_623980152_14,1
60.0,E0,4
80.0,-49695726,2
80.0,-51362430,1
80.0,-593847704#2,1
80.0,1068234498#0,2
80.0,1068234499#0,4
80.0,1239087513,1
80.0,1334904386#0,1
80.0,182336886,1
80.0,196961215#0,3
80.0,196961215#2,3
80.0,196961377#0,3
80.0,196961377#3,3
80.0,244450512#4,1
80.0,244450512#5,1
80.0,288878926#0,1
80.0,30620492#1,1
80.0,336063376#0,2
80.0,353392316#0,1
80.0,48794887#0,2
80.0,49073272#1,1
80.0,49073272#4,1
80.0,49695726,2
80.0,49695733#2,1
80.0,506322840#0,1
80.0,506322841#1,1
80.0,506322851#0,4
80.0,51289045#3,2
80.0,51289045#5,1
80.0,51362429#0,2
80.0,593842812#0,1
80.0,593847703#0,1
80.0,593847704#0,2
80.0,593849711#2,2
80.0,593849721,1
80.0,593852345#0,1
80.0,594658762#0,1
80.0,:1926948273_0,1
80.0,:622618230_6,1
80.0,:cluster_3208478133_655375293_655375296_9631728504_#1more_1,2
80.0,:cluster_623980147_623980152_6,1
80.0,E0,4
100.0,-49695726,2
100.0,-545977624#2,1
100.0,-593847703#3,4
100.0,-593847704#2,2
100.0,1068234498#0,1
100.0,1068440001,1
100.0,1239087513,1
100.0,1334904386#0,1
100.0,182334379#0,2
100.0,196961215#0,3
100.0,196961215#2,3
100.0,196961377#0,2
100.0,196961377#3,6
100.0,232003903#0,1
100.0,288135626#0,2
100.0,288878927,1
100.0,30620492#0,1
100.0,336063376#0,1
100.0,48794887#0,2
100.0,49073272#4,1
100.0,49695726,1
100.0,49695733#2,1
100.0,506322841#1,1
100.0,506322851#0,3
100.0,51362429#0,4
100.0,593842812#2,1
100.0,593849711#2,3
100.0,:11510670762_0,1
100.0,:2081945236_0,1
100.0,:2749340167_2,1
100.0,:3208478121_1,1
100.0,:cluster_2528018119_655375236_2,1
100.0,:cluster_5372642442_631668976_631668981_631669076_12,1
100.0,:cluster_623980090_623980094_5,1
100.0,E0,4
120.0,-1334905223#2,1
120.0,-49695726,2
120.0,-593847703#3,4
120.0,-593847704#2,2
120.0,1068234498#0,3
120.0,1068234499#0,3
120.0,1334904386#0,2
120.0,182334379#0,1
120.0,196961215#0,5
120.0,196961377#0,4
120.0,196961377#3,5
120.0,232003903#0,1
120.0,241518668#0,3
120.0,268564473#0,1
120.0,30620492#1,4
120.0,48794887#0,2
120.0,49073272#4,1
120.0,49695726,2
120.0,49695733#2,1
120.0,506322840#0,1
120.0,506322841#1,1
120.0,506322841#3,1
120.0,506322851#0,4
120.0,51362429#0,6
120.0,51392936#0,1
120.0,593842812#2,2
120.0,593844221#0,1
120.0,593847703#0,2
120.0,593849711#2,3
120.0,:622618144_4,1
120.0,:622618197_1,1
120.0,:cluster_3208478133_655375293_655375296_9631728504_#1more_8,1
120.0,:cluster_3431431575_4777363357_655375231_6982059025_12,1
120.0,:cluster_619136929_619136942_8,1
120.0,E0,4
140.0,-1334905223#2,1
140.0,-49695726,2
140.0,-51362430,2
140.0,-593847703#3,7
140.0,-593847704#2,3
140.0,1068234498#0,1
140.0,1334904386#0,2
140.0,182336886,1
140.0,182336887#2,1
140.0,196961215#0,4
140.0,196961215#2,3
140.0,196961377#0,4
140.0,268564473#0,1
140.0,288135626#0,4
140.0,30620492#0,1
140.0,30620492#1,1
140.0,353392316#0,2
140.0,48794887#0,3
140.0,49073272#0,1
140.0,49695726,1
140.0,49695733#2,1
140.0,506322841#1,2
140.0,506322851#0,4
140.0,51362429#0,4
140.0,51362431,1
140.0,593842812#0,1
140.0,593842812#2,2
140.0,593844221#0,1
140.0,593847703#0,1
140.0,593849711#0,1
140.0,593849711#2,3
140.0,593849718#0,3
140.0,594658762#0,1
140.0,:3208478132_0,1
140.0,:622618197_0,1
140.0,:655375232_0,1
140.0,:655375232_11,1
140.0,:655375240_7,1
140.0,:cluster_2528018119_655375236_2,1
140.0,:cluster_3208478133_655375293_655375296_9631728504_#1more_14,1
140.0,:cluster_3208478133_655375293_655375296_9631728504_#1more_8,1
140.0,:cluster_623980147_623980152_6,1
140.0,:cluster_9383263990_9383263991_9383263992_9383263993_10,1
140.0,E0,4
160.0,-1334905223#2,1
160.0,-260882327,1
160.0,-49695726,2
160.0,-51362430,1
160.0,-545977624#2,1
160.0,-593847703#3,7
160.0,-593847704#2,4
160.0,-594658757#2,1
160.0,1068234498#0,3
160.0,1068234499#0,4
160.0,1068440006#0,4
160.0,1239087513,1
160.0,1334904386#0,1
160.0,182334379#0,2
160.0,182336887#2,1
160.0,196961215#0,3
160.0,196961215#2,4
160.0,196961377#0,3
160.0,196961377#3,1
160.0,232003903#0,1
160.0,241518668#0,2
160.0,288135628#0,1
160.0,288878927,1
160.0,303647015#0,2
160.0,30620492#0,1
160.0,30620492#1,2
160.0,48794887#0,2
160.0,49695726,2
160.0,49695733#2,1
160.0,49695736#0,2
160.0,506322841#1,3
160.0,506322851#0,4
160.0,51362429#0,1
160.0,51362431,1
160.0,593849711#0,1
160.0,593849711#2,4
160.0,593852345#0,1
160.0,906806086#0,1
160.0,:11510670762_0,1
160.0,:2749340167_2,1
160.0,:619136999_2,1
160.0,:655375336_48,1
160.0,:cluster_3431431575_4777363357_655375231_6982059025_12,1
160.0,:cluster_5372642442_631668976_631668981_631669076_25,1
160.0,E0,7
180.0,-49695726,2
180.0,-593847703#3,11
180.0,-593847704#2,5
180.0,-594658757#2,3
180.0,1068234498#0,2
180.0,1068234499#0,2
180.0,1068440001,1
180.0,1239087513,1
180.0,1334904386#0,3
180.0,182334379#0,3
180.0,182336886,1
180.0,196961215#0,4
180.0,196961377#0,3
180.0,196961377#3,4
180.0,196961378#1,1
180.0,232003903#0,1
180.0,241518668#0,3
180.0,268564473#0,1
180.0,288135626#0,1
180.0,288878926#0,1
180.0,30620492#1,1
180.0,48794887#0,2
180.0,49073272#3,1
180.0,49695726,1
180.0,49695733#2,1
180.0,506322841#1,1
180.0,506322851#0,4
180.0,51362429#0,3
180.0,51362431,1
180.0,593842812#0,1
180.0,593847703#0,4
180.0,:11510670762_0,1
180.0,:1926948273_0,1
180.0,:2749340167_0,1
180.0,:631668826_0,1
180.0,:cluster_623980090_623980094_1,2
180.0,:cluster_9383263990_9383263991_9383263992_9383263993_21,1
180.0,E0,7
200.0,-49695726,2
200.0,-51362430,1
200.0,-593847703#3,6
200.0,-593847704#2,6
200.0,-594658757#2,3
200.0,1068234498#0,4
200.0,1068234499#0,3
200.0,1334904386#0,4
200.0,182334379#0,3
200.0,182336886,1
200.0,196961215#0,5
200.0,196961215#2,3
200.0,196961377#0,3
200.0,196961377#3,6
200.0,232003903#0,1
200.0,268564473#0,1
200.0,30620492#0,1
200.0,336063376#0,1
200.0,353392316#0,1
200.0,48794887#0,3
200.0,49073274,1
200.0,49695726,2
200.0,49695733#2,1
200.0,506322840#0,2
200.0,506322851#0,4
200.0,51362429#0,4
200.0,51362431,2
200.0,593842812#0,1
200.0,593842812#2,1
200.0,593844221#0,1
200.0,593847702#0,1
200.0,593847704#0,1
200.0,594658762#0,1
200.0,:1926948273_0,1
200.0,:3086736518_19,1
200.0,:622618112_0,1
200.0,:655375233_4,2
200.0,:cluster_2528018119_655375236_22,1
200.0,:cluster_3208478133_655375293_655375296_9631728504_#1more_8,1
200.0,:cluster_3431431575_4777363357_655375231_6982059025_12,1
200.0,:cluster_3431431575_4777363357_655375231_6982059025_3,1
200.0,:cluster_623980147_623980152_14,1
200.0,:cluster_9383263990_9383263991_9383263992_9383263993_10,1
200.0,E0,7
220.0,-49695726,2
220.0,-51362430,2
220.0,-545977624#2,1
220.0,-593847703#3,1
220.0,-593847704#2,6
220.0,-594658757#2,3
220.0,1068234498#0,2
220.0,1068234499#0,3
220.0,1239087513,1
220.0,1334904386#0,4
220.0,182334379#0,2
220.0,182336886,1
220.0,196961215#0,3
220.0,196961215#2,4
220.0,196961377#0,4
220.0,232003903#0,1
220.0,241518668#0,1
220.0,263217603#0,1
220.0,268564473#0,1
220.0,288135626#0,2
220.0,288135628#0,1
220.0,288878927,1
220.0,30620492#0,1
220.0,30620492#1,3
220.0,353392316#0,1
220.0,48794887#0,2
220.0,49073272#4,1
220.0,49695726,2
220.0,49695733#2,1
220.0,506322841#1,3
220.0,506322851#0,4
220.0,51362429#0,4
220.0,51362431,2
220.0,51392936#0,1
220.0,593842812#2,2
220.0,593844221#0,1
220.0,593847702#0,2
220.0,593847704#0,3
220.0,593849711#0,1
220.0,593849711#2,1
220.0,593849718#0,2
220.0,593852346,1
220.0,:3139322031_0,1
220.0,:622618197_6,1
220.0,:622618230_0,1
220.0,:cluster_2528018119_655375236_7,1
220.0,:cluster_3208478133_655375293_655375296_9631728504_#1more_11,1
220.0,:cluster_3208478133_655375293_655375296_9631728504_#1more_14,1
220.0,:cluster_3208478133_655375293_655375296_9631728504_#1more_8,1
220.0,:cluster_623980090_623980094_1,1
220.0,E0,7
240.0,-49695726,2
240.0,-593847703#3,4
240.0,-593847704#2,6
240.0,-594658757#2,4
240.0,1068234498#0,2
240.0,1068440001,1
240.0,1239087513,1
240.0,1334904386#0,1
240.0,182334378#0,3
240.0,182336886,1
240.0,196961215#0,4
240.0,196961215#2,1
240.0,196961377#0,2
240.0,196961377#3,4
240.0,198001764#0,1
240.0,241518668#0,3
240.0,268564473#0,1
240.0,303647015#0,4
240.0,48794887#0,2
240.0,49073272#4,1
240.0,49695726,2
240.0,49695733#2,1
240.0,49695736#0,2
240.0,506322840#0,1
240.0,506322841#1,3
240.0,506322851#0,4
240.0,51289045#5,2
240.0,51362429#0,7
240.0,51362431,2
240.0,545977624#0,1
240.0,593849711#2,2
240.0,593852345#0,1
240.0,593852346,1
240.0,:11510670762_0,1
240.0,:2749340167_0,1
240.0,:3086736518_7,1
240.0,:655375336_29,1
240.0,:cluster_3431431575_4777363357_655375231_6982059025_12,1
240.0,:cluster_5372642442_631668976_631668981_631669076_1,2
240.0,:cluster_5372642442_631668976_631668981_631669076_12,2
240.0,:cluster_623980090_623980094_1,1
240.0,:cluster_623980147_623980152_6,1
240.0,E0,7
260.0,-49695726,2
260.0,-51362430,1
260.0,-545977624#2,1
260.0,-593847703#3,4
260.0,-594658757#2,4
260.0,1068234498#0,3
260.0,1068234499#0,3
260.0,1068440001,1
260.0,1239087513,1
260.0,1334904386#0,1
260.0,182334378#0,3
260.0,182336886,1
260.0,196961215#0,3
260.0,196961215#2,4
260.0,196961377#0,4
260.0,196961377#3,4
260.0,196961378#1,1
260.0,232003903#0,1
260.0,30620492#1,2
260.0,353392316#0,1
260.0,48794887#0,3
260.0,49695726,2
260.0,49695733#2,1
260.0,49695736#0,3
260.0,506322841#1,3
260.0,506322851#0,4
260.0,51362429#0,8
260.0,51362431,3
260.0,593847703#0,7
260.0,593849711#2,3
260.0,594658762#0,1
260.0,:11510670762_0,1
260.0,:622618144_4,1
260.0,:655375233_0,1
260.0,:cluster_623980147_623980152_3,1
260.0,E0,7
280.0,-49695726,2
280.0,-51362430,2
280.0,-545977624#2,1
280.0,-593847703#3,6
280.0,-593847704#2,1
280.0,-594658757#2,5
280.0,1068234498#0,1
280.0,1239087513,1
280.0,1334904386#0,1
280.0,182334378#0,4
280.0,182334379#0,3
280.0,182336886,1
280.0,196961215#0,4
280.0,196961377#0,4
280.0,196961377#3,6
280.0,232003903#0,1
280.0,241518668#0,3
280.0,268564473#0,1
280.0,288135626#0,1
280.0,30620492#1,3
280.0,336063376#0,1
280.0,353392316#0,1
280.0,48794887#0,2
280.0,49073274,1
280.0,49695726,1
280.0,49695733#2,1
280.0,506322841#1,4
280.0,506322851#0,3
280.0,51362429#0,8
280.0,51362431,3
280.0,593842812#2,1
280.0,593844221#0,1
280.0,593847703#0,8
280.0,593849711#0,1
280.0,593849711#2,3
280.0,:1926948273_0,1
280.0,:622618108_1,1
280.0,:cluster_3208478133_655375293_655375296_9631728504_#1more_8,1
280.0,:cluster_3431431575_4777363357_655375231_6982059025_3,1
280.0,:cluster_5372642442_631668976_631668981_631669076_12,2
280.0,:cluster_9383263990_9383263991_9383263992_9383263993_10,1
280.0,E0,7
300.0,-49695726,2
300.0,-51362430,1
300.0,-593847703#3,6
300.0,-593847704#2,2
300.0,-594658757#2,5
300.0,1068234498#0,2
300.0,1068234499#0,4
300.0,1068440001,1
300.0,1068440004#1,2
300.0,1068440006#0,3
300.0,1239087513,1
300.0,182334378#0,1
300.0,182334379#0,5
300.0,182336886,1
300.0,196961215#0,3
300.0,196961215#2,3
300.0,196961377#0,5
300.0,196961377#3,1
300.0,48794887#0,2
300.0,49073272#3,1
300.0,49695726,1
300.0,506322840#0,1
300.0,506322841#1,4
300.0,506322851#0,3
300.0,51362429#0,3
300.0,51362431,3
300.0,593842812#0,1
300.0,593842812#2,1
300.0,593844216#0,1
300.0,593844221#0,1
300.0,593847703#0,2
300.0,593849711#2,3
300.0,593849718#0,3
300.0,:11510670762_0,1
300.0,:1926948273_0,1
300.0,:2749340167_0,1
300.0,:655375232_1,1
300.0,:655375232_11,1
300.0,:655375336_7,1
300.0,:cluster_2528018119_655375236_2,2
300.0,:cluster_3208478133_655375293_655375296_9631728504_#1more_14,1
300.0,:cluster_3208478133_655375293_655375296_9631728504_#1more_8,1
300.0,:cluster_623980147_623980152_6,1
300.0,:cluster_655375246_655375489_3,1
300.0,E0,7
320.0,-593847703#3,6
320.0,-593847704#2,2
320.0,-594658757#2,6
320.0,1068234499#0,4
320.0,1068440001,2
320.0,1068440004#1,4
320.0,1068440006#0,4
320.0,1239087513,1
320.0,1334904386#0,1
320.0,182334378#0,1
320.0,182334379#0,1
320.0,182336886,1
320.0,196961215#0,1
320.0,196961215#2,2
320.0,196961377#3,5
320.0,241518668#0,2
320.0,263217603#0,1
320.0,288135626#0,2
320.0,288135628#0,5
320.0,288878926#0,1
320.0,303647015#0,1
320.0,30620492#1,1
320.0,49073272#4,1
320.0,49695726,1
320.0,506322841#1,2
320.0,51362431,3
320.0,545977624#0,1
320.0,593849711#2,3
320.0,:11510670762_0,1
320.0,:1926948273_0,1
320.0,:6251747844_1,1
320.0,:655375336_29,1
320.0,:655375336_48,1
320.0,:cluster_3431431575_4777363357_655375231_6982059025_3,1
320.0,:cluster_5372642442_631668976_631668981_631669076_1,2
320.0,E0,11
340.0,-593847703#3,10
340.0,-593847704#2,2
340.0,-594658757#2,6
340.0,1068440001,2
340.0,1068440004#1,4
340.0,1068440006#0,1
340.0,1239087513,1
340.0,1334904386#0,1
340.0,182334378#0,2
340.0,182334379#0,2
340.0,196961377#3,5
340.0,241518668#0,2
340.0,288878926#0,1
340.0,49073272#4,1
340.0,51362431,3
340.0,593847703#0,3
340.0,:11510670762_0,1
340.0,:655375336_1,1
340.0,:655375336_2,1
340.0,:655375336_36,1
340.0,:cluster_2528018119_655375236_6,1
340.0,E0,11
360.0,-593847703#3,3
360.0,-593847704#2,2
360.0,-594658757#2,7
360.0,1068440004#1,4
360.0,1334904386#0,5
360.0,182334378#0,2
360.0,182334379#0,3
360.0,196961377#3,5
360.0,336063376#0,1
360.0,49073272#4,1
360.0,51362431,3
360.0,593844221#0,1
360.0,593847702#0,4
360.0,593847704#0,2
360.0,:655375233_5,2
360.0,:cluster_3208478133_655375293_655375296_9631728504_#1more_8,3
360.0,:cluster_3431431575_4777363357_655375231_6982059025_12,1
360.0,E0,10
380.0,-593847704#2,2
380.0,-594658757#2,8
380.0,1068440004#1,4
380.0,1334904386#0,3
380.0,182334378#0,2
380.0,182334379#0,3
380.0,49073272#4,1
380.0,51362431,3
380.0,593844221#0,1
380.0,593847704#0,3
380.0,593849718#0,1
380.0,:cluster_3208478133_655375293_655375296_9631728504_#1more_8,2
380.0,:cluster_655375246_655375489_3,2
380.0,E0,10
400.0,-594658757#2,8
400.0,1068440004#1,1
400.0,303647015#0,2
400.0,353392316#0,1
400.0,51362431,3
400.0,593844221#0,1
400.0,593847702#0,2
400.0,:3086736518_7,1
400.0,:655375233_0,1
400.0,:655375336_16,1
400.0,:cluster_3208478133_655375293_655375296_9631728504_#1more_8,2
400.0,E0,10
420.0,-594658757#2,11
420.0,1068440004#1,1
420.0,353392316#0,1
420.0,51362431,3
420.0,593847703#0,2
420.0,:655375336_28,1
420.0,E0,10
440.0,-594658757#2,12
440.0,1068440004#1,1
440.0,182334379#0,2
440.0,288135628#0,1
440.0,51362431,2
440.0,594658757#0,1
440.0,E0,10
460.0,-594658757#2,12
460.0,1068440004#1,1
460.0,288135628#0,2
460.0,51362431,2
460.0,E0,10
480.0,-594658757#2,11
480.0,303647015#0,1
480.0,51362431,2
480.0,593847702#0,1
480.0,E0,10
500.0,-594658757#2,11
500.0,51362431,2
500.0,E0,10
520.0,-594658757#2,11
520.0,51362431,2
520.0,E0,10
540.0,-594658757#2,11
540.0,51362431,2
540.0,E0,10
560.0,-594658757#2,11
560.0,51362431,2
560.0,E0,10
580.0,-594658757#2,11
580.0,51362431,2
580.0,E0,10
600.0,-594658757#2,11
600.0,51362431,2
600.0,E0,10
620.0,-594658757#2,11
620.0,51362431,2
620.0,E0,10
640.0,-594658757#2,11
640.0,51362431,2
640.0,E0,10
660.0,-594658757#2,11
660.0,1334904386#0,1
660.0,51362431,2
660.0,E0,9
680.0,-594658757#2,11
680.0,1334904386#0,1
680.0,51362431,2
680.0,:655375336_6,2
680.0,E0,7
700.0,-594658757#2,19
700.0,303647015#0,1
700.0,51362431,2
700.0,E0,1
720.0,-594658757#2,19
720.0,51362431,2
720.0,E0,1
740.0,-594658757#2,19
740.0,51362431,2
740.0,E0,1
760.0,-594658757#2,19
760.0,51362431,1
760.0,E0,1
780.0,-594658757#2,18
780.0,303647015#0,1
780.0,51362431,1
780.0,E0,1
800.0,-594658757#2,18
800.0,51362431,1
800.0,E0,1
820.0,-594658757#2,18
820.0,51362431,1
820.0,E0,1
840.0,-594658757#2,18
840.0,51362431,1
840.0,E0,1
860.0,-594658757#2,18
860.0,51362431,1
860.0,E0,1
880.0,-594658757#2,18
880.0,51362431,1
880.0,E0,1
900.0,-594658757#2,18
900.0,51362431,1
900.0,E0,1
920.0,-594658757#2,18
920.0,51362431,1
920.0,E0,1
940.0,-594658757#2,18
940.0,51362431,1
940.0,E0,1
960.0,-594658757#2,18
960.0,51362431,1
960.0,E0,1
980.0,-594658757#2,18
980.0,51362431,1
980.0,E0,1
1000.0,-594658757#2,18
1000.0,1334904386#0,1
1000.0,51362431,1
1020.0,-594658757#2,18
1020.0,1334904386#0,1
1020.0,51362431,1
1040.0,-594658757#2,18
1040.0,303647015#0,1
1040.0,51362431,1
1060.0,-594658757#2,18
1080.0,-594658757#2,18
1100.0,-594658757#2,17
1120.0,-594658757#2,17
1140.0,-594658757#2,17
1160.0,-594658757#2,17
1180.0,-594658757#2,17
1200.0,-594658757#2,17
1220.0,-594658757#2,17
1240.0,-594658757#2,17
1260.0,-594658757#2,17
1280.0,-594658757#2,17
1300.0,-594658757#2,17
1320.0,-594658757#2,17
1340.0,-594658757#2,17
1360.0,-594658757#2,17
1380.0,-594658757#2,17
1400.0,-594658757#2,16
1400.0,303647015#0,1
1420.0,-594658757#2,16
1440.0,-594658757#2,16
1460.0,-594658757#2,16
1480.0,-594658757#2,16
1500.0,-594658757#2,16
1520.0,-594658757#2,16
1540.0,-594658757#2,16
1560.0,-594658757#2,16
1580.0,-594658757#2,16
1600.0,-594658757#2,16
1620.0,-594658757#2,16
1640.0,-594658757#2,16
1660.0,-594658757#2,16
1680.0,-594658757#2,16
1700.0,-594658757#2,15
1700.0,303647015#0,1
1720.0,-594658757#2,15
1740.0,-594658757#2,15
1760.0,-594658757#2,15
1780.0,-594658757#2,15
1800.0,-594658757#2,15
1820.0,-594658757#2,15
1840.0,-594658757#2,15
1860.0,-594658757#2,15
1880.0,-594658757#2,15
1900.0,-594658757#2,15
1920.0,-594658757#2,15
1940.0,-594658757#2,15
1960.0,-594658757#2,15
1980.0,-594658757#2,15
2000.0,-594658757#2,14
2000.0,303647015#0,1
2020.0,-594658757#2,14
2040.0,-594658757#2,14
2060.0,-594658757#2,14
2080.0,-594658757#2,14
2100.0,-594658757#2,14
2120.0,-594658757#2,14
2140.0,-594658757#2,14
2160.0,-594658757#2,14
2180.0,-594658757#2,14
2200.0,-594658757#2,14
2220.0,-594658757#2,14
2240.0,-594658757#2,14
2260.0,-594658757#2,14
2280.0,-594658757#2,14
2300.0,-594658757#2,14
2320.0,-594658757#2,13
2340.0,-594658757#2,13
2360.0,-594658757#2,13
2380.0,-594658757#2,13
2400.0,-594658757#2,13
2420.0,-594658757#2,13
2440.0,-594658757#2,13
2460.0,-594658757#2,13
2480.0,-594658757#2,13
2500.0,-594658757#2,13
2520.0,-594658757#2,13
2540.0,-594658757#2,13
2560.0,-594658757#2,13
2580.0,-594658757#2,13
2600.0,-594658757#2,13
2620.0,-594658757#2,12
2620.0,303647015#0,1
2640.0,-594658757#2,12
2660.0,-594658757#2,12
2680.0,-594658757#2,12
2700.0,-594658757#2,12
2720.0,-594658757#2,12
2740.0,-594658757#2,12
2760.0,-594658757#2,12
2780.0,-594658757#2,12
2800.0,-594658757#2,12
2820.0,-594658757#2,12
2840.0,-594658757#2,12
2860.0,-594658757#2,12
2880.0,-594658757#2,12
2900.0,-594658757#2,12
2920.0,-594658757#2,11
2920.0,303647015#0,1
2940.0,-594658757#2,11
2960.0,-594658757#2,11
2980.0,-594658757#2,11
3000.0,-594658757#2,11
3020.0,-594658757#2,11
3040.0,-594658757#2,11
3060.0,-594658757#2,11
3080.0,-594658757#2,11
3100.0,-594658757#2,11
3120.0,-594658757#2,11
3140.0,-594658757#2,11
3160.0,-594658757#2,11
3180.0,-594658757#2,11
3200.0,-594658757#2,11
3220.0,-594658757#2,10
3220.0,303647015#0,1
3240.0,-594658757#2,10
3260.0,-594658757#2,10
3280.0,-594658757#2,10
3300.0,-594658757#2,10
3320.0,-594658757#2,10
3340.0,-594658757#2,10
3360.0,-594658757#2,10
3380.0,-594658757#2,10
3400.0,-594658757#2,10
3420.0,-594658757#2,10
3440.0,-594658757#2,10
3460.0,-594658757#2,10
3480.0,-594658757#2,10
3500.0,-594658757#2,10
3520.0,-594658757#2,10
3540.0,-594658757#2,9
3560.0,-594658757#2,9
3580.0,-594658757#2,9
3600.0,-594658757#2,9
3620.0,-594658757#2,9
3640.0,-594658757#2,9
3660.0,-594658757#2,9
3680.0,-594658757#2,9
3700.0,-594658757#2,9
3720.0,-594658757#2,9
3740.0,-594658757#2,9
3760.0,-594658757#2,9
3780.0,-594658757#2,9
3800.0,-594658757#2,9
3820.0,-594658757#2,9
3840.0,-594658757#2,8
3840.0,303647015#0,1
3860.0,-594658757#2,8
3880.0,-594658757#2,8
3900.0,-594658757#2,8
3920.0,-594658757#2,8
3940.0,-594658757#2,8
3960.0,-594658757#2,8
3980.0,-594658757#2,8
4000.0,-594658757#2,8
4020.0,-594658757#2,8
4040.0,-594658757#2,8
4060.0,-594658757#2,8
4080.0,-594658757#2,8
4100.0,-594658757#2,8
4120.0,-594658757#2,8
4140.0,-594658757#2,7
4140.0,303647015#0,1
4160.0,-594658757#2,7
4180.0,-594658757#2,7
4200.0,-594658757#2,7
4220.0,-594658757#2,7
4240.0,-594658757#2,7
4260.0,-594658757#2,7
4280.0,-594658757#2,7
4300.0,-594658757#2,7
4320.0,-594658757#2,7
4340.0,-594658757#2,7
4360.0,-594658757#2,7
4380.0,-594658757#2,7
4400.0,-594658757#2,7
4420.0,-594658757#2,7
4440.0,-594658757#2,6
4440.0,303647015#0,1
4460.0,-594658757#2,6
4480.0,-594658757#2,6
4500.0,-594658757#2,6
4520.0,-594658757#2,6
4540.0,-594658757#2,6
4560.0,-594658757#2,6
4580.0,-594658757#2,6
4600.0,-594658757#2,6
4620.0,-594658757#2,6
4640.0,-594658757#2,6
4660.0,-594658757#2,6
4680.0,-594658757#2,6
4700.0,-594658757#2,6
4720.0,-594658757#2,6
4740.0,-594658757#2,6
4760.0,-594658757#2,5
4780.0,-594658757#2,5
4800.0,-594658757#2,5
4820.0,-594658757#2,5
4840.0,-594658757#2,5
4860.0,-594658757#2,5
4880.0,-594658757#2,5
4900.0,-594658757#2,5
4920.0,-594658757#2,5
4940.0,-594658757#2,5
4960.0,-594658757#2,5
4980.0,-594658757#2,5
5000.0,-594658757#2,5
5020.0,-594658757#2,5
5040.0,-594658757#2,5
5060.0,-594658757#2,4
5080.0,-594658757#2,4
5100.0,-594658757#2,4
5120.0,-594658757#2,4
5140.0,-594658757#2,4
5160.0,-594658757#2,4
5180.0,-594658757#2,4
5200.0,-594658757#2,4
5220.0,-594658757#2,4
5240.0,-594658757#2,4
5260.0,-594658757#2,4
5280.0,-594658757#2,4
5300.0,-594658757#2,4
5320.0,-594658757#2,4
5340.0,-594658757#2,4
5360.0,-594658757#2,3
5360.0,303647015#0,1
5380.0,-594658757#2,3
5400.0,-594658757#2,3
5420.0,-594658757#2,3
5440.0,-594658757#2,3
5460.0,-594658757#2,3
5480.0,-594658757#2,3
5500.0,-594658757#2,3
5520.0,-594658757#2,3
5540.0,-594658757#2,3
5560.0,-594658757#2,3
5580.0,-594658757#2,3
5600.0,-594658757#2,3
5620.0,-594658757#2,3
5640.0,-594658757#2,3
5660.0,-594658757#2,2
5660.0,303647015#0,1
5680.0,-594658757#2,2
5700.0,-594658757#2,2
5720.0,-594658757#2,2
5740.0,-594658757#2,2
5760.0,-594658757#2,2
5780.0,-594658757#2,2
5800.0,-594658757#2,2
5820.0,-594658757#2,2
5840.0,-594658757#2,2
5860.0,-594658757#2,2
5880.0,-594658757#2,2
5900.0,-594658757#2,2
5920.0,-594658757#2,2
5940.0,-594658757#2,2
5960.0,-594658757#2,2
5980.0,-594658757#2,1
6000.0,-594658757#2,1
6020.0,-594658757#2,1
6040.0,-594658757#2,1
6060.0,-594658757#2,1
6080.0,-594658757#2,1
6100.0,-594658757#2,1
6120.0,-594658757#2,1
6140.0,-594658757#2,1
6160.0,-594658757#2,1
6180.0,-594658757#2,1
