time,edge_id,vehicle_count
20.0,-300077497#5,2
20.0,-300077497#8,1
20.0,-35274074#2,3
20.0,1068234498#0,1
20.0,182334379#0,1
20.0,196961215#0,1
20.0,196961215#2,1
20.0,196961378#1,1
20.0,198001764#0,1
20.0,261898534,1
20.0,268564473#0,1
20.0,303647015#0,1
20.0,314800955,1
20.0,353392316#0,2
20.0,360851262#0,7
20.0,48794887#0,1
20.0,49073272#0,1
20.0,49695733#2,1
20.0,49695736#0,2
20.0,506322841#1,1
20.0,506322844#0,3
20.0,506322848#0,1
20.0,506322851#0,5
20.0,51289045#3,1
20.0,51362429#0,1
20.0,593842812#2,2
20.0,593847701,1
20.0,593847702#3,1
20.0,593847704#0,6
20.0,593849711#0,1
20.0,593852346,7
20.0,668037874,3
20.0,910567294,1
20.0,:622618108_1,1
20.0,:622618144_4,1
20.0,:622618230_3,1
40.0,-300077497#5,4
40.0,-35274074#2,2
40.0,-593847701,1
40.0,-593849724,3
40.0,1068234498#0,1
40.0,182334378#0,2
40.0,182336887#2,1
40.0,196961215#2,1
40.0,198001764#0,1
40.0,238526531#0,1
40.0,263217604#0,2
40.0,268564473#0,1
40.0,288878926#0,1
40.0,303647015#0,1
40.0,314800955,1
40.0,353392316#0,6
40.0,360851262#0,9
40.0,48794887#0,1
40.0,49073272#0,1
40.0,49695733#0,2
40.0,49695733#2,1
40.0,49695736#0,5
40.0,506322841#1,1
40.0,506322844#0,3
40.0,506322846#0,1
40.0,506322848#0,1
40.0,506322851#0,5
40.0,51362429#0,1
40.0,593842812#2,4
40.0,593847702#3,7
40.0,593847704#0,9
40.0,593849711#0,1
40.0,593849724,1
40.0,593852346,5
40.0,594658762#0,4
40.0,668037874,3
40.0,910567294,2
40.0,:3086736518_1,1
40.0,:655375238_2,1
40.0,:655375247_4,1
40.0,:cluster_2528018119_655375236_14,1
40.0,:cluster_5372642442_631668976_631668981_631669076_21,1
40.0,:cluster_623980090_623980094_1,1
40.0,:cluster_623980147_623980152_3,1
60.0,-300077497#5,9
60.0,-35274074#2,2
60.0,-51362429#1,2
60.0,-593849724,5
60.0,1068234499#0,2
60.0,182334378#0,1
60.0,182334379#0,1
60.0,182336887#2,1
60.0,196961215#0,1
60.0,196961378#1,1
60.0,198001764#0,1
60.0,263217604#0,4
60.0,268564473#0,2
60.0,288135626#0,2
60.0,288878926#0,3
60.0,300077497#0,4
60.0,303647015#0,1
60.0,353392316#0,8
60.0,360851262#0,8
60.0,49073272#0,1
60.0,49073274,1
60.0,49695733#2,3
60.0,49695736#0,2
60.0,506322841#1,1
60.0,506322844#0,2
60.0,506322848#0,1
60.0,506322851#0,4
60.0,51362429#0,1
60.0,593842812#2,6
60.0,593847702#3,11
60.0,593847703#0,5
60.0,593847704#0,10
60.0,593849711#0,1
60.0,593852346,7
60.0,594658762#0,7
60.0,668037874,3
60.0,910567294,1
60.0,:1926948273_1,1
60.0,:3086736518_1,1
60.0,:622618108_6,1
60.0,:631668923_0,1
60.0,:655375233_0,1
60.0,:655375247_2,1
60.0,:655375336_10,1
60.0,:655375336_7,1
60.0,:cluster_2528018119_655375236_16,2
60.0,:cluster_2528018119_655375236_23,1
60.0,:cluster_623980147_623980152_6,1
80.0,-300077497#5,13
80.0,-35274074#2,3
80.0,-51362429#1,1
80.0,-593847703#3,1
80.0,-593849724,6
80.0,1068234498#0,2
80.0,1068234499#0,3
80.0,1068440004#1,2
80.0,182334379#0,4
80.0,196961215#0,2
80.0,196961215#2,1
80.0,196961378#1,1
80.0,198001764#0,1
80.0,238526531#0,2
80.0,263217604#0,4
80.0,268564473#0,1
80.0,288135626#0,1
80.0,288878926#0,2
80.0,303647015#0,2
80.0,30620492#1,1
80.0,314800955,1
80.0,35274074#0,2
80.0,353392316#0,13
80.0,360851262#0,9
80.0,48794887#0,1
80.0,49073226#2,1
80.0,49073272#0,1
80.0,49695733#0,1
80.0,49695733#2,1
80.0,49695736#0,5
80.0,506322841#1,1
80.0,506322841#4,1
80.0,506322844#0,6
80.0,506322846#2,1
80.0,506322848#0,1
80.0,506322851#0,6
80.0,51289045#1,1
80.0,51289045#3,1
80.0,51289045#5,1
80.0,51362429#0,1
80.0,51392936#0,1
80.0,593842812#2,5
80.0,593847702#3,11
80.0,593847703#0,5
80.0,593847704#0,17
80.0,593849724,1
80.0,593852346,12
80.0,594658762#0,12
80.0,668037874,3
80.0,910567294,1
80.0,:1926948273_0,1
80.0,:3086736518_1,1
80.0,:622618108_6,1
80.0,:622618144_4,1
80.0,:655375233_0,1
80.0,:cluster_2528018119_655375236_2,2
80.0,:cluster_3208478133_655375293_655375296_9631728504_#1more_0,1
80.0,:cluster_3431431575_4777363357_655375231_6982059025_3,1
80.0,:cluster_3431431575_4777363357_655375231_6982059025_5,2
80.0,:cluster_5372642442_631668976_631668981_631669076_22,1
100.0,-300077497#5,17
100.0,-35274074#2,4
100.0,-593847703#3,1
100.0,-593849724,6
100.0,1068234499#0,5
100.0,1068440004#1,2
100.0,182334379#0,11
100.0,196961215#0,1
100.0,196961378#1,1
100.0,198001764#0,2
100.0,263217603#0,1
100.0,263217604#0,4
100.0,268564473#0,3
100.0,288135626#0,5
100.0,288878926#0,9
100.0,300077497#0,1
100.0,303647015#0,1
100.0,30620492#1,1
100.0,314800955,1
100.0,353392316#0,13
100.0,360851262#0,15
100.0,48794887#0,1
100.0,49073264#0,1
100.0,49073272#0,1
100.0,49695733#2,2
100.0,49695736#0,8
100.0,506322841#1,1
100.0,506322844#0,4
100.0,506322846#2,1
100.0,506322848#0,1
100.0,506322851#0,4
100.0,51289045#1,1
100.0,51289045#3,3
100.0,51362429#0,1
100.0,51392936#0,2
100.0,593842812#2,1
100.0,593847701,1
100.0,593847702#3,11
100.0,593847703#0,2
100.0,593847704#0,20
100.0,593849711#0,1
100.0,593849711#2,1
100.0,593849724,1
100.0,593852346,8
100.0,594658762#0,11
100.0,668037874,3
100.0,910567294,2
100.0,:1926948273_0,1
100.0,:622618108_6,1
100.0,:622618144_4,1
100.0,:655375233_0,1
100.0,:655375239_3,1
100.0,:655375240_1,1
100.0,:656132499_0,1
100.0,:cluster_2528018119_655375236_2,2
100.0,:cluster_5372642442_631668976_631668981_631669076_6,1
120.0,-300077497#5,18
120.0,-35274074#2,1
120.0,-51362429#1,1
120.0,-593847701,1
120.0,-593847703#3,4
120.0,-593849724,6
120.0,1068234498#0,2
120.0,1068234499#0,14
120.0,1068440004#1,2
120.0,182334378#0,1
120.0,182334379#0,14
120.0,196961215#0,1
120.0,196961378#1,1
120.0,198001764#0,1
120.0,263217603#0,1
120.0,263217604#0,7
120.0,268564473#0,1
120.0,288135626#0,3
120.0,288878926#0,9
120.0,303647015#0,1
120.0,30620492#1,1
120.0,314800955,2
120.0,35274074#0,1
120.0,353392316#0,12
120.0,360851262#0,21
120.0,49073272#0,1
120.0,49695733#2,1
120.0,49695736#0,11
120.0,506322841#1,1
120.0,506322844#0,2
120.0,506322846#0,2
120.0,506322848#0,1
120.0,506322851#0,5
120.0,51362429#0,1
120.0,51392936#0,2
120.0,593842812#2,3
120.0,593847702#3,7
120.0,593847703#0,4
120.0,593847704#0,20
120.0,593849711#0,1
120.0,593849718#0,1
120.0,593849724,1
120.0,593852346,9
120.0,594658762#0,1
120.0,668037874,3
120.0,910567294,1
120.0,:1926948273_1,1
120.0,:622618108_6,1
120.0,:622618144_4,1
120.0,:622618197_2,1
120.0,:622618197_5,1
120.0,:655375240_1,1
120.0,:cluster_2528018119_655375236_14,1
120.0,:cluster_5372642442_631668976_631668981_631669076_24,1
120.0,:cluster_5372642442_631668976_631668981_631669076_6,1
120.0,:cluster_623980090_623980094_1,1
120.0,:cluster_623980147_623980152_14,1
140.0,-300077497#5,10
140.0,-35274074#2,2
140.0,-51362429#1,2
140.0,-593847703#3,5
140.0,-593849724,6
140.0,-E0,1
140.0,1068234498#0,2
140.0,1068234499#0,20
140.0,1068440004#1,2
140.0,182334378#0,3
140.0,182334379#0,14
140.0,182336887#2,1
140.0,196961215#0,1
140.0,196961215#2,1
140.0,196961378#1,1
140.0,198001764#0,1
140.0,263217604#0,8
140.0,268564473#0,1
140.0,288135626#0,3
140.0,288878926#0,11
140.0,303647015#0,1
140.0,314800955,1
140.0,353392316#0,14
140.0,360851262#0,21
140.0,48794887#0,1
140.0,49073264#0,1
140.0,49073272#0,1
140.0,49073274,1
140.0,49695733#0,1
140.0,49695733#2,1
140.0,49695736#0,13
140.0,506322841#1,1
140.0,506322844#0,2
140.0,506322846#0,1
140.0,506322846#2,2
140.0,506322848#0,1
140.0,506322851#0,5
140.0,51362359#0,1
140.0,51362429#0,1
140.0,593842812#2,5
140.0,593847701,1
140.0,593847702#3,1
140.0,593847703#0,8
140.0,593847704#0,17
140.0,593849711#0,1
140.0,593849718#0,1
140.0,593849724,2
140.0,593852346,6
140.0,668037874,3
140.0,910567294,1
140.0,:1926948273_1,1
140.0,:622618108_3,1
140.0,:622618108_6,1
140.0,:622618112_2,1
140.0,:655375233_0,1
140.0,:cluster_2528018119_655375236_12,2
140.0,:cluster_2528018119_655375236_26,1
160.0,-300077497#5,4
160.0,-35274074#2,3
160.0,-593847703#3,6
160.0,-593849724,5
160.0,-E0,2
160.0,1068234499#0,24
160.0,1068440004#1,5
160.0,196961215#0,1
160.0,196961215#2,1
160.0,196961378#1,1
160.0,198001764#0,1
160.0,263217604#0,9
160.0,268564473#0,2
160.0,288135628#0,3
160.0,288878926#0,12
160.0,303647015#0,1
160.0,314800955,1
160.0,353392316#0,20
160.0,360851262#0,21
160.0,48794887#0,1
160.0,49073226#2,2
160.0,49073272#0,1
160.0,49695733#2,3
160.0,49695736#0,16
160.0,506322841#1,1
160.0,506322841#4,1
160.0,506322844#0,5
160.0,506322846#2,3
160.0,506322851#0,5
160.0,51362429#0,1
160.0,51392936#0,1
160.0,593842812#2,7
160.0,593847702#3,2
160.0,593847703#0,12
160.0,593847704#0,18
160.0,593849711#0,1
160.0,593849724,3
160.0,593852346,9
160.0,668037874,3
160.0,906806086#0,1
160.0,910567294,2
160.0,:3086736518_1,1
160.0,:622618108_1,1
160.0,:622618108_6,1
160.0,:622618144_4,1
160.0,:622618230_3,1
160.0,:655375232_7,1
160.0,:655375233_5,1
160.0,:655375336_9,1
160.0,:cluster_2528018119_655375236_12,2
160.0,:cluster_3431431575_4777363357_655375231_6982059025_12,1
160.0,:cluster_623980147_623980152_3,1
180.0,-300077497#5,9
180.0,-35274074#2,3
180.0,-51362429#1,1
180.0,-593847703#3,1
180.0,-593849724,4
180.0,-E0,3
180.0,1068234498#0,2
180.0,1068234499#0,9
180.0,1068440004#1,4
180.0,182334378#0,10
180.0,182334379#0,7
180.0,182336887#2,1
180.0,196961215#0,1
180.0,196961215#2,1
180.0,196961378#1,1
180.0,263217604#0,11
180.0,268564473#0,1
180.0,288135626#0,4
180.0,288878926#0,13
180.0,288878927,1
180.0,300077497#0,4
180.0,303647015#0,1
180.0,314800955,1
180.0,353392316#0,17
180.0,360851262#0,15
180.0,49073272#0,1
180.0,49695733#0,1
180.0,49695733#2,1
180.0,49695736#0,7
180.0,506322841#1,1
180.0,506322844#0,3
180.0,506322846#0,1
180.0,506322851#0,6
180.0,51289045#3,2
180.0,51362359#0,1
180.0,51362429#0,1
180.0,593842812#2,5
180.0,593847701,1
180.0,593847702#3,5
180.0,593847703#0,15
180.0,593847704#0,15
180.0,593849711#2,1
180.0,593849724,6
180.0,593852346,9
180.0,594658762#0,5
180.0,668037874,3
180.0,910567294,1
180.0,:1926948273_1,1
180.0,:3086736518_1,1
180.0,:3208478132_0,1
180.0,:622618108_5,1
180.0,:622618108_6,1
180.0,:622618144_4,1
180.0,:655375233_11,1
180.0,:655375247_4,1
180.0,:cluster_2528018119_655375236_15,1
180.0,:cluster_2528018119_655375236_6,1
180.0,:cluster_2528018119_655375236_7,2
180.0,:cluster_3208478133_655375293_655375296_9631728504_#1more_20,1
180.0,:cluster_5372642442_631668976_631668981_631669076_24,1
180.0,:cluster_5372642442_631668976_631668981_631669076_6,1
180.0,:cluster_623980147_623980152_14,1
200.0,-300077497#5,14
200.0,-35274074#2,2
200.0,-51362429#1,1
200.0,-593847703#3,3
200.0,-593849724,6
200.0,-E0,3
200.0,1068234498#0,1
200.0,1068234499#0,2
200.0,182334378#0,8
200.0,182334379#0,9
200.0,196961215#0,1
200.0,196961215#2,3
200.0,196961378#1,1
200.0,196961379#0,1
200.0,198001764#0,2
200.0,261898534,1
200.0,263217603#0,1
200.0,263217604#0,13
200.0,268564473#0,1
200.0,288135626#0,4
200.0,288878926#0,14
200.0,288878927,1
200.0,300077497#0,6
200.0,303647015#0,2
200.0,314800955,1
200.0,35274074#0,3
200.0,353392316#0,17
200.0,360851262#0,12
200.0,48794887#0,1
200.0,49073226#2,1
200.0,49073272#0,1
200.0,49695733#2,2
200.0,49695736#0,2
200.0,506322841#1,1
200.0,506322844#0,2
200.0,506322848#0,1
200.0,506322851#0,5
200.0,51289045#1,1
200.0,51289045#3,3
200.0,51362429#0,1
200.0,51392936#0,3
200.0,593842812#2,1
200.0,593847702#3,8
200.0,593847703#0,15
200.0,593847704#0,17
200.0,593849711#0,1
200.0,593849711#2,1
200.0,593849724,6
200.0,593852346,8
200.0,594658762#0,7
200.0,668037874,3
200.0,910567294,2
200.0,:2444664370_0,1
200.0,:3086736518_1,2
200.0,:622618108_6,1
200.0,:622618112_2,1
200.0,:622618144_4,1
200.0,:655375247_2,1
200.0,:656132499_0,1
200.0,:cluster_2528018119_655375236_27,1
200.0,:cluster_3208478133_655375293_655375296_9631728504_#1more_0,1
200.0,:cluster_5372642442_631668976_631668981_631669076_6,1
220.0,-300077497#5,17
220.0,-35274074#2,2
220.0,-51362429#1,1
220.0,-593847703#3,4
220.0,-593849724,6
220.0,-E0,3
220.0,1068234498#0,4
220.0,1068234499#0,1
220.0,182334378#0,9
220.0,182334379#0,9
220.0,182336887#2,1
220.0,196961215#0,1
220.0,196961215#2,4
220.0,196961378#1,1
220.0,198001764#0,1
220.0,263217604#0,14
220.0,268564473#0,1
220.0,288135626#0,4
220.0,288878926#0,15
220.0,300077497#0,3
220.0,303647015#0,2
220.0,30620492#1,1
220.0,314800955,1
220.0,35274074#0,1
220.0,353392316#0,15
220.0,360851262#0,13
220.0,48794887#0,1
220.0,49073272#0,1
220.0,49695733#2,1
220.0,49695736#0,1
220.0,506322841#1,1
220.0,506322844#0,3
220.0,506322848#0,3
220.0,506322851#0,5
220.0,506322857#0,1
220.0,51362359#0,1
220.0,51362429#0,1
220.0,51392936#0,2
220.0,593842812#2,3
220.0,593847701,1
220.0,593847702#3,8
220.0,593847703#0,17
220.0,593847704#0,19
220.0,593849711#2,1
220.0,593849724,6
220.0,593852346,11
220.0,594658762#0,8
220.0,668037874,3
220.0,910567294,1
220.0,:622618108_6,1
220.0,:622618112_2,1
220.0,:622618144_4,1
220.0,:655375238_7,1
220.0,:cluster_2528018119_655375236_16,1
220.0,:cluster_2528018119_655375236_7,1
220.0,:cluster_623980147_623980152_3,2
240.0,-300077497#5,20
240.0,-35274074#2,3
240.0,-593847703#3,4
240.0,-593849724,6
240.0,1068234498#0,1
240.0,1068234499#0,5
240.0,182334378#0,4
240.0,182334379#0,8
240.0,182336887#2,1
240.0,196961215#0,2
240.0,196961215#2,5
240.0,196961378#1,1
240.0,198001764#0,1
240.0,238526531#0,4
240.0,261898534,1
240.0,263217604#0,15
240.0,268564473#0,2
240.0,288135626#0,2
240.0,288878926#0,16
240.0,300077497#0,3
240.0,300077497#6,1
240.0,303647015#0,2
240.0,30620492#1,1
240.0,314800955,1
240.0,35274074#0,1
240.0,353392316#0,21
240.0,360851262#0,19
240.0,49073272#0,1
240.0,49695733#0,1
240.0,49695733#2,1
240.0,49695736#0,4
240.0,506322841#1,1
240.0,506322844#0,6
240.0,506322846#0,2
240.0,506322848#0,2
240.0,506322851#0,5
240.0,51362429#0,1
240.0,593842812#2,5
240.0,593847701,1
240.0,593847702#3,8
240.0,593847703#0,9
240.0,593847704#0,20
240.0,593849711#0,1
240.0,593849711#2,1
240.0,593849724,6
240.0,593852346,8
240.0,594658762#0,7
240.0,668037874,3
240.0,910567294,1
240.0,:622618108_6,1
240.0,:622618112_2,1
240.0,:622618144_4,1
240.0,:622618230_3,1
240.0,:cluster_2528018119_655375236_2,3
240.0,:cluster_5372642442_631668976_631668981_631669076_0,1
260.0,-300077497#5,24
260.0,-35274074#2,1
260.0,-51362429#1,1
260.0,-593847703#3,4
260.0,-593849724,6
260.0,-E0,2
260.0,1068234498#0,1
260.0,1068234499#0,7
260.0,1068440004#1,2
260.0,182334379#0,5
260.0,196961215#0,3
260.0,196961215#2,5
260.0,198001764#0,2
260.0,238526531#0,5
260.0,263217603#0,2
260.0,263217604#0,17
260.0,268564473#0,4
260.0,288135628#0,3
260.0,288878926#0,16
260.0,303647015#0,1
260.0,30620492#1,1
260.0,314800955,1
260.0,35274074#0,2
260.0,353392316#0,24
260.0,360851262#0,21
260.0,48794887#0,1
260.0,49073226#2,1
260.0,49073272#0,1
260.0,49695733#0,1
260.0,49695733#2,2
260.0,49695736#0,6
260.0,506322841#1,1
260.0,506322844#0,3
260.0,506322846#0,2
260.0,506322846#2,2
260.0,506322848#0,3
260.0,506322851#0,6
260.0,51362359#0,1
260.0,51362429#0,1
260.0,593842812#2,7
260.0,593847701,1
260.0,593847702#3,4
260.0,593847703#0,5
260.0,593847704#0,20
260.0,593849711#0,1
260.0,593849711#2,1
260.0,593849718#0,4
260.0,593849724,6
260.0,593852346,8
260.0,594658762#0,3
260.0,668037874,3
260.0,910567294,1
260.0,:3086736518_1,1
260.0,:622618108_6,1
260.0,:622618112_2,1
260.0,:622618144_4,1
260.0,:655375238_2,1
260.0,:655375240_1,1
260.0,:655375336_9,1
260.0,:cluster_2038168688_655375573_19,1
260.0,:cluster_2528018119_655375236_2,3
260.0,:cluster_5372642442_631668976_631668981_631669076_1,1
280.0,-300077497#5,27
280.0,-35274074#2,3
280.0,-49073264#1,1
280.0,-51362429#1,2
280.0,-593847703#3,4
280.0,-593849724,4
280.0,-E0,2
280.0,1068234498#0,2
280.0,1068234499#0,8
280.0,1068440004#1,2
280.0,182334379#0,9
280.0,196961215#0,5
280.0,196961215#2,5
280.0,196961378#1,1
280.0,198001764#0,2
280.0,261898534,1
280.0,263217604#0,19
280.0,268564473#0,1
280.0,288135626#0,5
280.0,288878926#0,17
280.0,303647015#0,1
280.0,30620492#1,1
280.0,353392316#0,26
280.0,360851262#0,21
280.0,48794887#0,1
280.0,49073264#0,1
280.0,49073272#0,1
280.0,49695733#2,1
280.0,49695736#0,9
280.0,506322841#1,1
280.0,506322844#0,2
280.0,506322846#0,1
280.0,506322846#2,1
280.0,506322848#0,3
280.0,506322851#0,5
280.0,51289045#1,1
280.0,51289045#3,2
280.0,51362429#0,1
280.0,593842812#2,5
280.0,593847701,1
280.0,593847702#3,2
280.0,593847703#0,5
280.0,593847704#0,19
280.0,593849711#0,1
280.0,593849711#2,1
280.0,593849724,6
280.0,593852346,8
280.0,668037874,3
280.0,910567294,2
280.0,:3086736518_1,1
280.0,:622618108_5,1
280.0,:622618112_2,1
280.0,:622618144_4,1
280.0,:cluster_2528018119_655375236_2,2
280.0,:cluster_2528018119_655375236_22,1
280.0,:cluster_3208478133_655375293_655375296_9631728504_#1more_0,1
280.0,:cluster_5372642442_631668976_631668981_631669076_17,1
280.0,:cluster_5372642442_631668976_631668981_631669076_21,1
280.0,:cluster_5372642442_631668976_631668981_631669076_28,1
280.0,:cluster_5372642442_631668976_631668981_631669076_29,1
280.0,:cluster_5372642442_631668976_631668981_631669076_6,1
300.0,-300077497#5,21
300.0,-35274074#2,7
300.0,-51362429#1,1
300.0,-593847703#3,8
300.0,-593849724,5
300.0,-E0,2
300.0,1068234498#0,2
300.0,1068234499#0,17
300.0,1068440004#1,2
300.0,182334379#0,12
300.0,182336887#2,1
300.0,196961215#0,6
300.0,196961215#2,5
300.0,263217604#0,21
300.0,268564473#0,1
300.0,288135626#0,5
300.0,288878926#0,17
300.0,303647015#0,1
300.0,314800955,1
300.0,353392316#0,25
300.0,360851262#0,16
300.0,49073226#2,1
300.0,49073264#0,1
300.0,49073272#0,2
300.0,49695733#0,1
300.0,49695733#2,1
300.0,49695736#0,12
300.0,506322841#1,1
300.0,506322844#0,3
300.0,506322846#2,1
300.0,506322851#0,6
300.0,51289045#1,1
300.0,51289045#3,3
300.0,51362429#0,1
300.0,51392936#0,2
300.0,593842812#2,1
300.0,593847701,1
300.0,593847703#0,10
300.0,593847704#0,19
300.0,593849711#2,1
300.0,593849724,6
300.0,593852346,12
300.0,594658762#0,4
300.0,668037874,3
300.0,910567294,1
300.0,:1926948273_1,1
300.0,:2444664370_0,1
300.0,:3086736518_1,1
300.0,:622618108_5,1
300.0,:622618108_6,1
300.0,:622618144_4,1
300.0,:655375233_0,1
300.0,:655375247_4,1
300.0,:656132499_0,1
300.0,:cluster_2528018119_655375236_12,2
300.0,:cluster_3431431575_4777363357_655375231_6982059025_5,1
300.0,:cluster_5372642442_631668976_631668981_631669076_21,1
300.0,:cluster_5372642442_631668976_631668981_631669076_24,1
300.0,:cluster_5372642442_631668976_631668981_631669076_6,1
320.0,-300077497#5,11
320.0,-35274074#2,5
320.0,-51362429#1,2
320.0,-593847703#3,17
320.0,-593849724,5
320.0,-E0,2
320.0,1068234498#0,1
320.0,1068234499#0,25
320.0,1068440004#1,2
320.0,182334378#0,2
320.0,182334379#0,12
320.0,196961215#0,6
320.0,196961215#2,5
320.0,196961377#0,1
320.0,263217604#0,22
320.0,288135626#0,6
320.0,288878926#0,19
320.0,353392316#0,19
320.0,360851262#0,12
320.0,49073272#0,2
320.0,49695733#2,1
320.0,49695736#0,12
320.0,506322844#0,6
320.0,506322851#0,5
320.0,51392936#0,3
320.0,593847703#0,16
320.0,593847704#0,20
320.0,593849724,6
320.0,593852346,12
320.0,594658762#0,11
320.0,668037874,3
320.0,910567294,1
320.0,:2444664370_0,1
320.0,:622618108_5,1
320.0,:622618108_6,1
320.0,:622618144_4,1
320.0,:655375238_2,1
320.0,:655375247_2,1
320.0,:cluster_2528018119_655375236_12,1
320.0,:cluster_2528018119_655375236_14,1
320.0,:cluster_5372642442_631668976_631668981_631669076_6,1
320.0,:cluster_623980147_623980152_3,1
340.0,-300077497#5,7
340.0,-593847703#3,10
340.0,-593849724,3
340.0,-E0,2
340.0,1068234499#0,27
340.0,1068440004#1,2
340.0,182334378#0,4
340.0,182334379#0,5
340.0,196961215#0,6
340.0,196961215#2,5
340.0,196961377#0,1
340.0,263217604#0,22
340.0,288135626#0,6
340.0,288878926#0,19
340.0,288878927,1
340.0,353392316#0,17
340.0,360851262#0,13
340.0,49073272#0,1
340.0,49695736#0,12
340.0,506322844#0,5
340.0,506322851#0,5
340.0,593847702#3,5
340.0,593847703#0,16
340.0,593847704#0,19
340.0,593849711#0,1
340.0,593849724,6
340.0,593852346,9
340.0,594658762#0,17
340.0,668037874,3
340.0,910567294,2
340.0,:2444664370_0,3
340.0,:622618108_5,1
340.0,:622618108_6,1
340.0,:622618144_4,1
340.0,:655375233_5,3
340.0,:655375239_3,1
340.0,:655375240_1,1
340.0,:cluster_2528018119_655375236_12,1
340.0,:cluster_2528018119_655375236_26,1
340.0,:cluster_5372642442_631668976_631668981_631669076_1,7
340.0,:cluster_5372642442_631668976_631668981_631669076_12,1
340.0,:cluster_623980147_623980152_10,1
360.0,-300077497#5,7
360.0,-593847703#3,2
360.0,-593849724,6
360.0,-E0,5
360.0,1068234499#0,10
360.0,1068440004#1,3
360.0,182334378#0,10
360.0,182334379#0,6
360.0,196961215#0,6
360.0,196961215#2,5
360.0,196961377#3,1
360.0,263217603#0,1
360.0,263217604#0,24
360.0,288135626#0,2
360.0,288878926#0,20
360.0,300077497#0,5
360.0,353392316#0,14
360.0,360843888,1
360.0,360851262#0,18
360.0,49073272#0,1
360.0,506322844#0,2
360.0,506322851#0,6
360.0,593847702#3,4
360.0,593847703#0,16
360.0,593847704#0,18
360.0,593849711#0,1
360.0,593849718#0,1
360.0,593849724,6
360.0,593852346,8
360.0,594658762#0,9
360.0,668037874,3
360.0,910567294,2
360.0,:622618108_6,1
360.0,:622618144_4,1
360.0,:655375240_1,1
360.0,:655375336_7,1
360.0,:cluster_2528018119_655375236_15,1
360.0,:cluster_2528018119_655375236_23,1
360.0,:cluster_2528018119_655375236_6,1
360.0,:cluster_2528018119_655375236_7,2
360.0,:cluster_5372642442_631668976_631668981_631669076_24,1
360.0,:cluster_5372642442_631668976_631668981_631669076_6,1
380.0,-300077497#5,7
380.0,-593847703#3,7
380.0,-593849724,4
380.0,-E0,5
380.0,1068234499#0,3
380.0,182334378#0,3
380.0,182334379#0,6
380.0,196961215#0,6
380.0,196961215#2,5
380.0,196961377#3,1
380.0,263217604#0,26
380.0,288135626#0,3
380.0,288878926#0,19
380.0,35274074#0,3
380.0,353392316#0,8
380.0,360851262#0,21
380.0,49073272#0,1
380.0,506322844#0,3
380.0,506322851#0,5
380.0,593847702#3,2
380.0,593847703#0,16
380.0,593847704#0,17
380.0,593849711#0,1
380.0,593849715,1
380.0,593849718#0,1
380.0,593849724,6
380.0,593852346,8
380.0,668037874,3
380.0,910567294,1
380.0,:622618108_6,1
380.0,:622618144_4,1
380.0,:622618230_3,1
380.0,:655375238_7,1
380.0,:cluster_5372642442_631668976_631668981_631669076_6,1
400.0,-300077497#5,7
400.0,-593847703#3,7
400.0,-593849724,6
400.0,-E0,4
400.0,1068234499#0,9
400.0,1068440004#1,1
400.0,182334379#0,11
400.0,196961215#0,6
400.0,196961215#2,5
400.0,196961377#3,1
400.0,263217604#0,26
400.0,288135626#0,4
400.0,288878926#0,18
400.0,300077497#0,1
400.0,353392316#0,1
400.0,360851262#0,21
400.0,49073272#0,1
400.0,506322844#0,6
400.0,506322851#0,5
400.0,593847703#0,8
400.0,593847704#0,20
400.0,593852345#0,1
400.0,593852346,12
400.0,668037874,3
400.0,:3086736518_13,1
400.0,:622618108_1,1
400.0,:622618108_6,1
400.0,:622618144_4,1
400.0,:622618230_1,1
400.0,:cluster_2528018119_655375236_2,2
400.0,:cluster_5372642442_631668976_631668981_631669076_6,1
420.0,-300077497#5,7
420.0,-593847703#3,7
420.0,-593849724,6
420.0,1068234499#0,15
420.0,1068440004#1,1
420.0,182334379#0,14
420.0,196961215#0,6
420.0,196961215#2,5
420.0,196961377#3,1
420.0,263217604#0,28
420.0,288878926#0,18
420.0,300077497#0,1
420.0,360851262#0,17
420.0,506322844#0,2
420.0,506322846#0,1
420.0,506322851#0,6
420.0,593847702#3,1
420.0,593847703#0,1
420.0,593847704#0,20
420.0,593852346,12
420.0,594658762#0,3
420.0,668037874,3
420.0,:622618108_1,1
420.0,:622618108_6,1
420.0,:622618144_4,1
420.0,:622618230_1,1
420.0,:655375247_4,1
420.0,:cluster_2528018119_655375236_2,2
420.0,:cluster_5372642442_631668976_631668981_631669076_0,1
420.0,:cluster_5372642442_631668976_631668981_631669076_1,3
440.0,-300077497#5,2
440.0,-593847703#3,10
440.0,-593849724,6
440.0,1068234499#0,15
440.0,1068440004#1,1
440.0,182334379#0,2
440.0,196961215#0,6
440.0,196961215#2,5
440.0,196961377#3,1
440.0,238526531#0,4
440.0,263217603#0,1
440.0,263217604#0,29
440.0,288135628#0,3
440.0,288878926#0,18
440.0,360851262#0,12
440.0,49073272#0,1
440.0,506322844#0,2
440.0,506322846#2,1
440.0,506322851#0,5
440.0,593847702#3,7
440.0,593847704#0,17
440.0,593849711#0,1
440.0,593849724,2
440.0,593852346,5
440.0,594658762#0,7
440.0,668037874,3
440.0,:622618144_4,1
440.0,:622618230_3,1
440.0,:622618230_5,1
440.0,:655375239_3,1
440.0,:655375240_1,1
440.0,:655375247_2,1
440.0,:cluster_2528018119_655375236_12,2
440.0,:cluster_5372642442_631668976_631668981_631669076_1,1
460.0,-593849724,6
460.0,-E0,1
460.0,1068234499#0,6
460.0,1068440004#1,1
460.0,182334378#0,6
460.0,196961215#0,6
460.0,196961215#2,5
460.0,196961377#3,1
460.0,263217603#0,1
460.0,263217604#0,31
460.0,288135628#0,1
460.0,288878926#0,18
460.0,360851262#0,13
460.0,49073272#0,1
460.0,506322844#0,2
460.0,506322851#0,5
460.0,593847702#3,11
460.0,593847704#0,15
460.0,593849711#0,1
460.0,593849724,2
460.0,593852346,4
460.0,594658762#0,9
460.0,668037874,3
460.0,:622618108_6,1
460.0,:622618230_5,1
460.0,:655375233_5,2
460.0,:cluster_2528018119_655375236_7,3
480.0,-593849724,6
480.0,196961215#0,6
480.0,196961215#2,5
480.0,196961377#3,1
480.0,263217604#0,31
480.0,288878926#0,18
480.0,360851262#0,17
480.0,49073272#0,1
480.0,506322844#0,6
480.0,506322851#0,5
480.0,593847702#3,11
480.0,593847704#0,19
480.0,593852346,4
480.0,594658762#0,11
480.0,668037874,3
480.0,:622618108_6,1
480.0,:622618144_4,1
500.0,-593849724,6
500.0,196961215#0,5
500.0,196961215#2,5
500.0,196961377#3,1
500.0,263217603#0,1
500.0,263217604#0,31
500.0,288878926#0,19
500.0,360851262#0,21
500.0,506322844#0,6
500.0,506322851#0,5
500.0,593847702#3,1
500.0,593847704#0,18
500.0,593849718#0,2
500.0,593849724,2
500.0,593852345#0,1
500.0,593852346,4
500.0,594658762#0,5
500.0,668037874,3
500.0,:622618108_6,1
500.0,:622618112_2,1
500.0,:622618197_5,1
500.0,:622618230_5,1
500.0,:655375240_1,1
520.0,-593849724,6
520.0,196961215#0,5
520.0,196961215#2,5
520.0,196961377#3,1
520.0,263217604#0,31
520.0,288878926#0,19
520.0,360851262#0,21
520.0,49073274,1
520.0,506322844#0,6
520.0,506322851#0,6
520.0,593847702#3,2
520.0,593847704#0,14
520.0,593849718#0,1
520.0,593849724,1
520.0,593852346,2
520.0,668037874,3
520.0,:622618108_1,1
520.0,:622618108_6,1
540.0,-593849724,6
540.0,196961215#0,5
540.0,196961215#2,5
540.0,196961377#3,1
540.0,263217604#0,31
540.0,288878926#0,19
540.0,360851262#0,18
540.0,506322844#0,6
540.0,506322851#0,6
540.0,593847702#3,3
540.0,593847704#0,16
540.0,593849724,1
540.0,593852346,2
540.0,594658762#0,2
540.0,668037874,3
540.0,:622618108_3,1
540.0,:655375247_4,1
560.0,-593849724,6
560.0,196961215#0,5
560.0,196961215#2,5
560.0,196961377#3,1
560.0,263217604#0,31
560.0,288878926#0,18
560.0,360851262#0,12
560.0,49073272#0,2
560.0,506322844#0,6
560.0,593847702#3,4
560.0,593847704#0,19
560.0,593852346,6
560.0,594658762#0,9
560.0,668037874,3
560.0,:622618144_4,1
560.0,:622618230_1,1
560.0,:655375247_2,1
580.0,-593849724,6
580.0,196961215#0,5
580.0,196961215#2,5
580.0,196961377#3,1
580.0,263217603#0,2
580.0,263217604#0,31
580.0,288878926#0,18
580.0,360851262#0,13
580.0,506322844#0,6
580.0,593847702#3,9
580.0,593847704#0,17
580.0,593852346,6
580.0,594658762#0,13
580.0,668037874,3
580.0,:622618108_6,1
580.0,:622618230_5,1
580.0,:655375240_1,1
600.0,-593849724,6
600.0,196961215#0,5
600.0,196961215#2,5
600.0,196961377#3,1
600.0,263217603#0,2
600.0,263217604#0,31
600.0,288878926#0,18
600.0,360851262#0,17
600.0,49073272#0,1
600.0,506322844#0,6
600.0,593847702#3,11
600.0,593847704#0,16
600.0,593852346,6
600.0,594658762#0,6
600.0,668037874,3
600.0,:622618108_6,1
600.0,:622618144_4,1
600.0,:622618230_5,1
600.0,:655375240_1,1
620.0,-593849724,6
620.0,196961215#0,5
620.0,196961215#2,5
620.0,196961377#0,1
620.0,196961377#3,1
620.0,263217604#0,31
620.0,288878926#0,18
620.0,360851262#0,21
620.0,49073272#0,1
620.0,506322844#0,6
620.0,593847702#3,11
620.0,593847704#0,20
620.0,593852346,6
620.0,668037874,3
620.0,:622618108_6,1
620.0,:622618144_4,1
620.0,:622618230_5,1
640.0,-593849724,6
640.0,196961215#0,5
640.0,196961215#2,5
640.0,196961377#3,2
640.0,263217604#0,31
640.0,288878926#0,18
640.0,360851262#0,21
640.0,49073272#0,1
640.0,506322844#0,6
640.0,593847702#3,11
640.0,593847704#0,20
640.0,593852346,6
640.0,668037874,3
640.0,:622618108_6,1
640.0,:622618144_4,1
640.0,:622618230_5,1
660.0,-593849724,6
660.0,196961215#0,5
660.0,196961215#2,5
660.0,196961377#3,2
660.0,263217604#0,30
660.0,288878926#0,18
660.0,360843888,1
660.0,360851262#0,19
660.0,49073272#0,1
660.0,506322844#0,6
660.0,593847702#3,2
660.0,593847704#0,20
660.0,593849718#0,4
660.0,593852346,6
660.0,594658762#0,1
660.0,668037874,3
660.0,:622618108_6,1
660.0,:622618144_4,1
660.0,:622618230_5,1
660.0,:655375247_4,1
680.0,-593849724,6
680.0,196961215#0,5
680.0,196961215#2,5
680.0,196961377#3,1
680.0,260881642#0,1
680.0,263217603#0,1
680.0,263217604#0,30
680.0,288878926#0,18
680.0,360851262#0,12
680.0,506322844#0,6
680.0,593847702#3,7
680.0,593847704#0,18
680.0,593849721,1
680.0,593849724,1
680.0,593852346,4
680.0,594658762#0,7
680.0,668037874,3
680.0,:622618108_6,1
680.0,:622618230_5,1
680.0,:655375247_2,1
700.0,-593849724,6
700.0,196961215#0,5
700.0,196961215#2,5
700.0,196961377#3,1
700.0,263217604#0,30
700.0,288878926#0,18
700.0,360851262#0,12
700.0,49073272#0,1
700.0,506322844#0,6
700.0,593847702#3,11
700.0,593847704#0,15
700.0,593849721,1
700.0,593852346,6
700.0,594658762#0,12
700.0,668037874,3
700.0,:622618108_6,1
700.0,:622618144_4,1
700.0,:655375247_2,1
720.0,-593849724,6
720.0,196961215#0,5
720.0,196961215#2,5
720.0,196961377#3,1
720.0,263217603#0,1
720.0,263217604#0,31
720.0,288878926#0,18
720.0,360851262#0,12
720.0,49073272#0,1
720.0,506322844#0,4
720.0,593847702#3,11
720.0,593847704#0,19
720.0,593849721,1
720.0,593852346,6
720.0,594658762#0,14
720.0,668037874,3
720.0,:622618108_6,1
720.0,:622618144_4,1
720.0,:655375240_1,1
740.0,-593849724,6
740.0,196961215#0,5
740.0,196961215#2,5
740.0,196961377#3,1
740.0,263217603#0,2
740.0,263217604#0,31
740.0,288878926#0,18
740.0,360851262#0,12
740.0,49073272#0,1
740.0,506322844#0,6
740.0,593847702#3,11
740.0,593847704#0,20
740.0,593849721,1
740.0,593852346,6
740.0,594658762#0,4
740.0,668037874,3
740.0,:622618108_6,1
740.0,:622618144_4,1
760.0,-593849724,6
760.0,196961215#0,5
760.0,196961215#2,5
760.0,196961377#3,1
760.0,263217604#0,31
760.0,288878926#0,18
760.0,360851262#0,12
760.0,49073272#0,1
760.0,506322844#0,6
760.0,593847702#3,11
760.0,593847704#0,20
760.0,593852346,6
760.0,668037874,3
760.0,:622618015_4,1
760.0,:622618108_6,1
760.0,:622618144_4,1
780.0,-593849724,6
780.0,196961215#0,5
780.0,196961215#2,5
780.0,196961377#3,1
780.0,263217604#0,31
780.0,288878926#0,18
780.0,360851262#0,11
780.0,49073272#0,1
780.0,506322844#0,6
780.0,593847702#3,6
780.0,593847704#0,20
780.0,593849718#0,4
780.0,593852346,6
780.0,668037874,3
780.0,:622618015_4,1
780.0,:622618108_6,1
780.0,:622618144_4,1
780.0,:655375247_4,1
800.0,-593849724,6
800.0,196961215#0,4
800.0,196961215#2,4
800.0,196961377#3,1
800.0,263217604#0,31
800.0,288878926#0,19
800.0,360851262#0,10
800.0,49073272#0,1
800.0,506322844#0,6
800.0,593847702#3,8
800.0,593847704#0,17
800.0,593852346,6
800.0,594658762#0,2
800.0,668037874,3
800.0,:622618015_4,1
800.0,:622618108_6,1
800.0,:622618144_4,1
820.0,-593849724,6
820.0,196961215#0,3
820.0,196961215#2,5
820.0,196961377#3,1
820.0,263217604#0,31
820.0,288878926#0,20
820.0,360851262#0,10
820.0,49073272#0,1
820.0,506322844#0,6
820.0,593847702#3,11
820.0,593847704#0,16
820.0,593852346,6
820.0,668037874,3
820.0,:622618015_4,1
820.0,:622618108_6,1
820.0,:622618144_4,1
840.0,-593849724,6
840.0,196961215#0,3
840.0,196961215#2,5
840.0,196961377#3,1
840.0,263217604#0,31
840.0,288878926#0,20
840.0,360851262#0,10
840.0,49073272#0,1
840.0,506322844#0,6
840.0,593847702#3,11
840.0,593847704#0,19
840.0,593852346,6
840.0,668037874,3
840.0,:622618015_4,1
840.0,:622618108_6,1
840.0,:622618144_4,1
860.0,-593849724,6
860.0,196961215#0,3
860.0,196961215#2,5
860.0,196961377#3,1
860.0,263217604#0,31
860.0,288878926#0,19
860.0,360851262#0,10
860.0,506322844#0,6
860.0,593847702#3,6
860.0,593847704#0,19
860.0,593849718#0,1
860.0,593852346,6
860.0,668037874,3
860.0,:622618015_4,1
860.0,:622618108_1,1
860.0,:622618108_6,1
860.0,:622618112_2,1
860.0,:622618144_4,1
880.0,-593849724,6
880.0,196961215#0,3
880.0,196961215#2,4
880.0,196961377#3,1
880.0,263217604#0,31
880.0,288878926#0,20
880.0,360851262#0,10
880.0,506322844#0,6
880.0,593847702#3,10
880.0,593847704#0,17
880.0,593852346,6
880.0,668037874,3
880.0,:622618015_4,1
880.0,:622618108_6,1
880.0,:622618144_4,1
900.0,-593849724,6
900.0,196961215#0,2
900.0,196961215#2,4
900.0,196961377#3,1
900.0,263217604#0,31
900.0,288878926#0,20
900.0,360851262#0,10
900.0,49073272#0,1
900.0,506322844#0,6
900.0,593847702#3,11
900.0,593847704#0,17
900.0,593852346,6
900.0,668037874,3
900.0,:622618015_4,1
900.0,:622618108_6,1
900.0,:622618144_4,1
900.0,:cluster_623980090_623980094_1,1
920.0,-593849724,6
920.0,196961215#0,2
920.0,196961215#2,5
920.0,196961377#0,1
920.0,196961377#3,1
920.0,263217604#0,31
920.0,288878926#0,20
920.0,360851262#0,10
920.0,49073272#0,1
920.0,506322844#0,6
920.0,593847702#3,8
920.0,593847704#0,20
920.0,593849718#0,3
920.0,593852346,6
920.0,668037874,3
920.0,:622618015_4,1
920.0,:622618108_6,1
920.0,:622618144_4,1
940.0,-593849724,6
940.0,196961215#0,2
940.0,196961215#2,5
940.0,196961377#3,2
940.0,263217604#0,31
940.0,288878926#0,20
940.0,360851262#0,10
940.0,49073272#0,1
940.0,506322844#0,6
940.0,593847702#3,9
940.0,593847704#0,18
940.0,593852346,6
940.0,668037874,3
940.0,:622618015_4,1
940.0,:622618144_4,1
960.0,-593849724,6
960.0,196961215#0,2
960.0,196961215#2,5
960.0,196961377#3,2
960.0,263217604#0,31
960.0,288878926#0,20
960.0,360851262#0,10
960.0,49073272#0,1
960.0,506322844#0,6
960.0,593847702#3,11
960.0,593847704#0,16
960.0,593852346,6
960.0,668037874,3
960.0,:622618015_4,1
960.0,:622618108_6,1
960.0,:622618144_4,1
980.0,-593847704#2,1
980.0,-593849724,6
980.0,196961215#0,2
980.0,196961215#2,5
980.0,196961377#3,1
980.0,196961379#0,1
980.0,263217604#0,30
980.0,288878926#0,20
980.0,360843888,1
980.0,360851262#0,10
980.0,49073272#0,1
980.0,506322844#0,6
980.0,593847702#3,11
980.0,593847704#0,18
980.0,593852346,6
980.0,668037874,3
980.0,:622618015_4,1
980.0,:622618108_6,1
980.0,:622618112_2,1
980.0,:622618144_4,1
1000.0,-593847704#2,1
1000.0,-593849724,6
1000.0,196961215#0,2
1000.0,196961215#2,5
1000.0,196961377#3,1
1000.0,263217604#0,30
1000.0,288878926#0,20
1000.0,360851262#0,10
1000.0,506322844#0,6
1000.0,593847702#3,6
1000.0,593847704#0,20
1000.0,593849718#0,2
1000.0,593849721,1
1000.0,593852346,6
1000.0,668037874,3
1000.0,:622618015_4,1
1000.0,:622618108_1,1
1000.0,:622618108_6,1
1000.0,:622618112_2,1
1020.0,-593847704#2,1
1020.0,-593849724,6
1020.0,196961215#0,2
1020.0,196961215#2,5
1020.0,196961377#3,1
1020.0,263217604#0,31
1020.0,288878926#0,20
1020.0,360851262#0,10
1020.0,49073274,1
1020.0,506322844#0,4
1020.0,593847702#3,9
1020.0,593847704#0,17
1020.0,593849724,1
1020.0,593852346,4
1020.0,668037874,3
1020.0,:622618108_3,1
1020.0,:622618108_6,1
1020.0,:622618112_2,1
1040.0,-593849724,6
1040.0,196961215#0,2
1040.0,196961215#2,5
1040.0,196961377#3,1
1040.0,263217604#0,31
1040.0,288878926#0,20
1040.0,360851262#0,10
1040.0,49073272#0,1
1040.0,506322844#0,6
1040.0,593847702#3,11
1040.0,593847704#0,17
1040.0,593852346,6
1040.0,668037874,3
1040.0,:622618108_6,1
1040.0,:622618144_4,1
1040.0,E0,1
1060.0,-593849724,6
1060.0,196961215#0,2
1060.0,196961215#2,5
1060.0,196961377#3,1
1060.0,263217604#0,31
1060.0,288878926#0,20
1060.0,360851262#0,10
1060.0,49073272#0,1
1060.0,506322844#0,6
1060.0,593847702#3,11
1060.0,593847704#0,19
1060.0,593852346,6
1060.0,668037874,3
1060.0,:622618108_6,1
1060.0,:622618144_4,1
1080.0,-593849724,6
1080.0,196961215#0,2
1080.0,196961215#2,5
1080.0,196961377#3,1
1080.0,263217604#0,31
1080.0,288878926#0,20
1080.0,360851262#0,10
1080.0,49073272#0,1
1080.0,506322844#0,6
1080.0,593847702#3,11
1080.0,593847704#0,20
1080.0,593852346,6
1080.0,668037874,3
1080.0,:622618108_6,1
1080.0,:622618144_4,1
1100.0,-593849724,6
1100.0,196961215#0,2
1100.0,196961215#2,5
1100.0,196961377#3,1
1100.0,263217604#0,31
1100.0,288878926#0,20
1100.0,360851262#0,9
1100.0,49073272#0,1
1100.0,506322844#0,6
1100.0,593847702#3,11
1100.0,593847704#0,20
1100.0,593852346,6
1100.0,594658760#0,1
1100.0,668037874,3
1100.0,:622618108_6,1
1100.0,:622618144_4,1
1120.0,-593849724,6
1120.0,196961215#0,2
1120.0,196961215#2,5
1120.0,196961377#3,1
1120.0,263217604#0,31
1120.0,288878926#0,20
1120.0,360851262#0,9
1120.0,506322844#0,6
1120.0,593847704#0,20
1120.0,593849718#0,1
1120.0,593852346,6
1120.0,594658760#0,1
1120.0,668037874,3
1120.0,:622618108_6,1
1120.0,:622618112_2,1
1120.0,:622618144_4,1
1140.0,-593849724,6
1140.0,196961215#0,2
1140.0,196961215#2,5
1140.0,196961377#3,1
1140.0,263217604#0,31
1140.0,288878926#0,20
1140.0,360851262#0,8
1140.0,49695736#0,1
1140.0,506322844#0,6
1140.0,593847702#3,7
1140.0,593847704#0,16
1140.0,593849724,1
1140.0,593852346,4
1140.0,668037874,3
1140.0,:622618108_3,1
1140.0,:622618108_6,1
1140.0,:655375247_4,1
1160.0,-593849724,6
1160.0,182334379#0,1
1160.0,196961215#0,2
1160.0,196961215#2,5
1160.0,196961377#3,1
1160.0,263217604#0,31
1160.0,288878926#0,18
1160.0,360851262#0,3
1160.0,49073272#0,1
1160.0,506322844#0,6
1160.0,593847702#3,11
1160.0,593847704#0,15
1160.0,593852346,3
1160.0,594658762#0,6
1160.0,668037874,3
1160.0,:622618108_1,1
1160.0,:622618230_5,1
1180.0,-593849724,6
1180.0,196961215#0,2
1180.0,196961215#2,5
1180.0,263217604#0,31
1180.0,288878926#0,18
1180.0,360851262#0,3
1180.0,49073272#0,1
1180.0,506322844#0,6
1180.0,593847702#3,12
1180.0,593847704#0,20
1180.0,593852346,3
1180.0,668037874,3
1180.0,:622618015_3,1
1180.0,:622618108_1,1
1180.0,:622618230_5,1
1180.0,:cluster_5372642442_631668976_631668981_631669076_22,1
1200.0,-593849724,6
1200.0,196961215#0,2
1200.0,196961215#2,4
1200.0,238526531#0,1
1200.0,263217604#0,31
1200.0,288878926#0,19
1200.0,360851262#0,3
1200.0,49073272#0,1
1200.0,506322844#0,6
1200.0,593847702#3,8
1200.0,593847704#0,20
1200.0,593849718#0,3
1200.0,593852346,4
1200.0,668037874,3
1200.0,:622618108_1,1
1200.0,:622618230_5,1
1220.0,-593849724,6
1220.0,196961215#0,1
1220.0,196961215#2,5
1220.0,263217604#0,31
1220.0,288878926#0,19
1220.0,360851262#0,3
1220.0,506322844#0,6
1220.0,593847702#3,2
1220.0,593847704#0,18
1220.0,593849718#0,1
1220.0,593849724,1
1220.0,593852346,2
1220.0,668037874,3
1220.0,:622618108_6,1
1220.0,:622618112_2,1
1220.0,:622618230_5,1
1240.0,-593849724,5
1240.0,196961215#0,1
1240.0,196961215#2,5
1240.0,196961377#3,1
1240.0,263217604#0,31
1240.0,288878926#0,19
1240.0,360851262#0,3
1240.0,49073272#0,1
1240.0,506322844#0,6
1240.0,593847702#3,9
1240.0,593847704#0,15
1240.0,593849711#2,1
1240.0,668037874,3
1240.0,:622618108_6,1
1260.0,-593849724,6
1260.0,196961215#0,1
1260.0,196961215#2,5
1260.0,196961377#3,1
1260.0,263217604#0,31
1260.0,288878926#0,19
1260.0,360851262#0,3
1260.0,49073272#0,1
1260.0,506322844#0,6
1260.0,593847702#3,11
1260.0,593847704#0,17
1260.0,593849711#2,1
1260.0,668037874,3
1260.0,:622618108_6,1
1280.0,-593849724,6
1280.0,196961215#0,1
1280.0,196961215#2,5
1280.0,196961377#3,1
1280.0,263217604#0,30
1280.0,288878926#0,19
1280.0,360851262#0,3
1280.0,506322844#0,6
1280.0,593847702#3,2
1280.0,593847704#0,20
1280.0,593849711#2,1
1280.0,593849718#0,4
1280.0,594658757#0,1
1280.0,668037874,3
1280.0,:622618108_6,1
1280.0,:622618112_2,1
1280.0,:622618197_2,1
1280.0,:622618197_5,1
1300.0,-593847704#2,1
1300.0,-593849724,3
1300.0,196961215#0,1
1300.0,196961215#2,5
1300.0,196961377#3,1
1300.0,263217604#0,30
1300.0,288878926#0,19
1300.0,360851262#0,3
1300.0,506322844#0,6
1300.0,593847702#3,2
1300.0,593847704#0,17
1300.0,593849711#2,1
1300.0,593849718#0,2
1300.0,594658757#0,1
1300.0,668037874,3
1300.0,:622618108_5,1
1300.0,:622618108_6,1
1320.0,-593847704#2,1
1320.0,196961215#0,1
1320.0,196961215#2,5
1320.0,196961377#3,1
1320.0,263217604#0,31
1320.0,288878926#0,19
1320.0,360851262#0,3
1320.0,49073272#0,1
1320.0,506322844#0,4
1320.0,593847702#3,2
1320.0,593847704#0,17
1320.0,594658757#0,1
1320.0,668037874,3
1320.0,E0,1
1340.0,-593847704#2,1
1340.0,196961215#0,1
1340.0,196961215#2,5
1340.0,196961377#3,1
1340.0,263217604#0,31
1340.0,288878926#0,19
1340.0,360851262#0,3
1340.0,49073272#0,1
1340.0,506322844#0,6
1340.0,593847702#3,5
1340.0,593847704#0,13
1340.0,594658757#0,1
1340.0,668037874,3
1340.0,:622618108_6,1
1360.0,196961215#0,1
1360.0,196961215#2,5
1360.0,196961377#3,1
1360.0,263217604#0,31
1360.0,288878926#0,19
1360.0,360851262#0,3
1360.0,49073272#0,1
1360.0,506322844#0,6
1360.0,593847702#3,8
1360.0,593847704#0,17
1360.0,594658757#0,1
1360.0,668037874,3
1360.0,E0,1
1380.0,-593847704#2,1
1380.0,196961215#0,1
1380.0,196961215#2,5
1380.0,263217604#0,31
1380.0,288878926#0,19
1380.0,360851262#0,3
1380.0,49073272#0,1
1380.0,506322844#0,6
1380.0,593847702#3,11
1380.0,593847704#0,15
1380.0,594658757#0,1
1380.0,668037874,3
1380.0,:622618108_6,1
1400.0,-593847704#2,1
1400.0,196961215#0,1
1400.0,196961215#2,5
1400.0,263217604#0,31
1400.0,288878926#0,19
1400.0,360851262#0,3
1400.0,506322844#0,6
1400.0,593847702#3,2
1400.0,593847704#0,16
1400.0,593849718#0,5
1400.0,594658757#0,1
1400.0,668037874,3
1400.0,:622618108_6,1
1420.0,-593847704#2,1
1420.0,196961215#0,1
1420.0,196961215#2,5
1420.0,263217604#0,31
1420.0,288878926#0,19
1420.0,360851262#0,3
1420.0,49073272#0,1
1420.0,506322844#0,6
1420.0,593847704#0,16
1420.0,594658757#0,1
1420.0,668037874,3
1420.0,:622618108_6,1
1440.0,196961215#0,1
1440.0,196961215#2,5
1440.0,263217604#0,31
1440.0,288878926#0,19
1440.0,360851262#0,3
1440.0,506322844#0,6
1440.0,593847702#3,6
1440.0,593847704#0,15
1440.0,594658757#0,1
1440.0,668037874,3
1440.0,:622618108_6,1
1440.0,E0,1
1460.0,196961215#0,1
1460.0,196961215#2,5
1460.0,263217604#0,31
1460.0,288878926#0,19
1460.0,360851262#0,2
1460.0,49073272#0,1
1460.0,506322844#0,6
1460.0,593847702#3,11
1460.0,593847704#0,9
1460.0,594658757#0,1
1460.0,594658760#0,1
1460.0,668037874,3
1460.0,:622618108_6,1
1480.0,196961215#0,1
1480.0,196961215#2,5
1480.0,263217604#0,31
1480.0,288878926#0,18
1480.0,49073272#0,1
1480.0,506322844#0,6
1480.0,593847702#3,3
1480.0,593847704#0,9
1480.0,593849718#0,8
1480.0,594658757#0,1
1480.0,594658760#0,1
1480.0,594658762#0,2
1480.0,668037874,3
1480.0,:622618108_1,1
1480.0,:622618108_6,1
1500.0,196961215#2,5
1500.0,263217604#0,31
1500.0,288878926#0,19
1500.0,49695736#0,1
1500.0,506322844#0,6
1500.0,593847702#3,3
1500.0,593847704#0,8
1500.0,594658757#0,1
1500.0,668037874,3
1500.0,:622618108_6,1
1520.0,182334379#0,1
1520.0,196961215#2,5
1520.0,263217604#0,31
1520.0,288878926#0,19
1520.0,506322844#0,6
1520.0,593847702#3,9
1520.0,593847704#0,2
1520.0,594658757#0,1
1520.0,668037874,3
1520.0,:622618108_6,1
1540.0,196961215#2,5
1540.0,196961377#0,1
1540.0,238526531#0,1
1540.0,263217604#0,31
1540.0,288878926#0,19
1540.0,49073272#0,1
1540.0,506322844#0,6
1540.0,593847702#3,11
1540.0,594658757#0,1
1540.0,668037874,3
1560.0,196961215#2,5
1560.0,196961377#3,1
1560.0,263217604#0,31
1560.0,288878926#0,18
1560.0,49073272#0,1
1560.0,506322844#0,6
1560.0,593849718#0,6
1560.0,593849724,1
1560.0,594658757#0,1
1560.0,668037874,3
1580.0,196961215#2,4
1580.0,196961377#3,1
1580.0,263217604#0,30
1580.0,288878926#0,18
1580.0,360843888,1
1580.0,506322844#0,6
1580.0,593847702#3,1
1580.0,594658757#0,1
1580.0,668037874,3
1580.0,:622618015_6,1
1580.0,:cluster_623980147_623980152_14,1
1600.0,196961215#2,4
1600.0,196961377#3,1
1600.0,196961379#0,1
1600.0,263217604#0,30
1600.0,288878926#0,16
1600.0,506322844#0,6
1600.0,593847702#3,3
1600.0,668037874,3
1600.0,:622618108_1,1
1620.0,196961215#2,4
1620.0,263217604#0,30
1620.0,288878926#0,14
1620.0,49073272#0,1
1620.0,506322844#0,6
1620.0,593847702#3,4
1620.0,593852346,1
1620.0,668037874,3
1620.0,:622618108_3,1
1640.0,196961215#2,3
1640.0,263217604#0,31
1640.0,288878926#0,13
1640.0,506322844#0,6
1640.0,593847702#3,1
1640.0,593849724,1
1640.0,668037874,3
1640.0,:622618112_2,1
1640.0,:622618230_3,1
1640.0,:cluster_623980147_623980152_14,1
1660.0,196961215#2,3
1660.0,263217604#0,31
1660.0,288878926#0,10
1660.0,49073272#0,1
1660.0,506322844#0,6
1660.0,593847702#3,2
1660.0,593849711#2,1
1660.0,593852345#0,1
1660.0,668037874,3
1660.0,:622618108_3,1
1660.0,:622618144_3,1
1660.0,:622618230_1,1
1680.0,263217604#0,31
1680.0,288878926#0,13
1680.0,506322844#0,6
1680.0,593847702#3,3
1680.0,593849711#2,1
1680.0,593849724,2
1680.0,668037874,3
1680.0,:cluster_623980090_623980094_4,1
1700.0,263217604#0,31
1700.0,288878926#0,10
1700.0,49073272#0,1
1700.0,506322844#0,6
1700.0,593849711#2,1
1700.0,593849718#0,2
1700.0,593849724,2
1700.0,593852345#0,1
1700.0,668037874,3
1700.0,:622618108_3,1
1700.0,:622618230_1,1
1720.0,196961379#0,1
1720.0,263217604#0,31
1720.0,288878926#0,10
1720.0,506322844#0,6
1720.0,593847702#3,1
1720.0,593849724,3
1720.0,668037874,3
1720.0,:622618015_6,1
1720.0,E0,1
1740.0,263217604#0,31
1740.0,288878926#0,6
1740.0,49073272#0,1
1740.0,506322844#0,6
1740.0,593847702#3,1
1740.0,593852345#0,4
1740.0,668037874,3
1740.0,:622618108_1,1
1740.0,:622618230_1,1
1760.0,196961379#0,2
1760.0,263217604#0,31
1760.0,288878926#0,6
1760.0,506322844#0,6
1760.0,593847702#3,4
1760.0,668037874,3
1780.0,263217604#0,31
1780.0,288878926#0,3
1780.0,49073272#0,1
1780.0,506322844#0,6
1780.0,593852345#0,3
1780.0,668037874,3
1780.0,:622618108_3,1
1780.0,:622618230_1,1
1800.0,196961379#0,1
1800.0,263217604#0,31
1800.0,288878926#0,3
1800.0,506322844#0,6
1800.0,593847702#3,2
1800.0,593849724,1
1800.0,668037874,3
1820.0,196961379#0,1
1820.0,263217604#0,31
1820.0,506322844#0,6
1820.0,593847702#3,4
1820.0,593849724,1
1820.0,668037874,3
1840.0,196961377#0,1
1840.0,263217604#0,31
1840.0,506322844#0,6
1840.0,593847702#3,4
1840.0,593849724,1
1840.0,668037874,3
1860.0,196961377#3,1
1860.0,263217604#0,31
1860.0,506322844#0,6
1860.0,593849724,1
1860.0,593852345#0,4
1860.0,668037874,3
1880.0,196961377#3,1
1880.0,263217604#0,30
1880.0,360843888,1
1880.0,506322844#0,6
1880.0,593849724,1
1880.0,668037874,3
1900.0,196961377#3,1
1900.0,196961379#0,1
1900.0,260881642#0,1
1900.0,263217604#0,30
1900.0,506322844#0,6
1900.0,668037874,3
1920.0,263217604#0,30
1920.0,506322844#0,6
1920.0,668037874,3
1920.0,:622618108_4,1
1940.0,-593847704#2,1
1940.0,263217604#0,31
1940.0,506322844#0,4
1940.0,668037874,3
1960.0,-300077497#5,1
1960.0,-593847704#2,1
1960.0,263217604#0,31
1960.0,506322844#0,5
1960.0,668037874,3
1980.0,182334378#0,1
1980.0,263217604#0,31
1980.0,506322844#0,6
1980.0,668037874,3
1980.0,:3086736518_7,1
2000.0,182334378#0,2
2000.0,263217604#0,31
2000.0,506322844#0,6
2000.0,668037874,3
2020.0,263217604#0,31
2020.0,506322844#0,6
2020.0,668037874,3
2020.0,:3208478132_0,1
2040.0,263217604#0,31
2040.0,506322844#0,6
2040.0,668037874,3
2060.0,263217604#0,31
2060.0,506322844#0,6
2060.0,668037874,3
2080.0,263217604#0,31
2080.0,506322844#0,6
2080.0,668037874,3
2100.0,263217604#0,31
2100.0,506322844#0,6
2100.0,668037874,3
2120.0,263217604#0,31
2120.0,506322844#0,6
2120.0,668037874,3
2140.0,196961377#0,1
2140.0,263217604#0,31
2140.0,506322844#0,6
2140.0,668037874,2
2160.0,196961377#3,1
2160.0,263217604#0,31
2160.0,506322844#0,6
2160.0,668037874,3
2180.0,-593849724,1
2180.0,263217604#0,31
2180.0,506322844#0,6
2180.0,668037874,3
2200.0,-593847704#2,1
2200.0,263217604#0,30
2200.0,506322844#0,6
2200.0,668037874,3
2220.0,263217604#0,30
2220.0,506322844#0,6
2220.0,668037874,3
2220.0,E0,1
2240.0,263217604#0,31
2240.0,506322844#0,4
2240.0,668037874,3
2260.0,263217604#0,31
2260.0,506322844#0,6
2260.0,668037874,3
2280.0,263217604#0,31
2280.0,506322844#0,6
2280.0,668037874,3
2300.0,263217604#0,31
2300.0,506322844#0,6
2300.0,668037874,3
2320.0,263217604#0,31
2320.0,506322844#0,6
2320.0,668037874,3
2340.0,263217604#0,31
2340.0,506322844#0,6
2340.0,668037874,3
2360.0,263217604#0,31
2360.0,506322844#0,6
2360.0,668037874,3
2380.0,263217604#0,31
2380.0,506322844#0,6
2380.0,668037874,3
2400.0,263217604#0,31
2400.0,506322844#0,6
2400.0,668037874,3
2420.0,263217604#0,31
2420.0,506322844#0,6
2420.0,668037874,3
2440.0,263217604#0,31
2440.0,506322844#0,6
2440.0,668037874,3
2460.0,196961377#0,1
2460.0,263217604#0,31
2460.0,506322844#0,6
2460.0,668037874,3
2480.0,196961377#3,1
2480.0,263217604#0,31
2480.0,506322844#0,6
2480.0,668037874,3
2500.0,196961377#3,1
2500.0,260881642#0,1
2500.0,263217604#0,30
2500.0,506322844#0,6
2500.0,668037874,3
2520.0,-593847704#2,1
2520.0,263217604#0,30
2520.0,506322844#0,6
2520.0,668037874,3
2540.0,263217604#0,31
2540.0,506322844#0,5
2540.0,668037874,3
2540.0,E0,1
2560.0,263217604#0,31
2560.0,506322844#0,6
2560.0,668037874,3
2580.0,263217604#0,31
2580.0,506322844#0,6
2580.0,668037874,3
2600.0,263217604#0,31
2600.0,506322844#0,6
2600.0,668037874,3
2620.0,263217604#0,31
2620.0,506322844#0,6
2620.0,668037874,3
2640.0,263217604#0,31
2640.0,506322844#0,6
2640.0,668037874,3
2660.0,263217604#0,31
2660.0,506322844#0,6
2660.0,668037874,3
2680.0,263217604#0,31
2680.0,506322844#0,6
2680.0,668037874,3
2700.0,263217604#0,31
2700.0,506322844#0,6
2700.0,668037874,3
2720.0,263217604#0,31
2720.0,506322844#0,6
2720.0,668037874,3
2740.0,263217604#0,31
2740.0,506322844#0,6
2740.0,668037874,3
2760.0,196961377#0,1
2760.0,263217604#0,31
2760.0,506322844#0,6
2760.0,668037874,3
2780.0,196961377#3,1
2780.0,263217604#0,31
2780.0,506322844#0,6
2780.0,668037874,3
2800.0,196961377#3,1
2800.0,263217604#0,30
2800.0,360843888,1
2800.0,506322844#0,6
2800.0,668037874,3
2820.0,196961377#3,1
2820.0,260881642#0,1
2820.0,263217604#0,30
2820.0,506322844#0,6
2820.0,668037874,3
2840.0,263217604#0,30
2840.0,506322844#0,6
2840.0,668037874,3
2840.0,:622618108_4,1
2860.0,-593847704#2,1
2860.0,263217604#0,31
2860.0,506322844#0,3
2860.0,668037874,3
2880.0,-593847704#2,1
2880.0,263217604#0,31
2880.0,506322844#0,6
2880.0,668037874,3
2900.0,-593847704#2,1
2900.0,263217604#0,31
2900.0,506322844#0,6
2900.0,668037874,3
2920.0,263217604#0,31
2920.0,506322844#0,6
2920.0,668037874,3
2920.0,:3086736518_6,1
2940.0,263217604#0,31
2940.0,506322844#0,6
2940.0,668037874,3
2960.0,263217604#0,31
2960.0,506322844#0,6
2960.0,668037874,3
2980.0,263217604#0,31
2980.0,506322844#0,6
2980.0,668037874,3
3000.0,263217604#0,31
3000.0,506322844#0,6
3000.0,668037874,3
3020.0,263217604#0,31
3020.0,506322844#0,6
3020.0,668037874,3
3040.0,263217604#0,31
3040.0,506322844#0,6
3040.0,668037874,3
3060.0,196961377#0,1
3060.0,263217604#0,31
3060.0,506322844#0,6
3060.0,668037874,3
3080.0,196961377#3,1
3080.0,263217604#0,31
3080.0,506322844#0,6
3080.0,668037874,3
3100.0,263217604#0,30
3100.0,506322844#0,6
3100.0,593852346,1
3100.0,594658757#0,1
3100.0,668037874,3
3120.0,263217604#0,30
3120.0,506322844#0,6
3120.0,593849711#0,1
3120.0,594658757#0,1
3120.0,668037874,3
3140.0,263217604#0,31
3140.0,506322844#0,4
3140.0,593849711#2,1
3140.0,594658757#0,1
3140.0,668037874,3
3160.0,263217604#0,31
3160.0,506322844#0,6
3160.0,593849711#2,1
3160.0,594658757#0,1
3160.0,668037874,3
3180.0,263217604#0,31
3180.0,506322844#0,6
3180.0,593849711#2,1
3180.0,594658757#0,1
3180.0,668037874,3
3200.0,1068440006#0,1
3200.0,263217604#0,31
3200.0,506322844#0,6
3200.0,594658757#0,1
3200.0,668037874,3
3220.0,263217604#0,31
3220.0,506322844#0,6
3220.0,594658757#0,1
3220.0,668037874,3
3240.0,263217604#0,31
3240.0,506322844#0,6
3240.0,594658757#0,1
3240.0,668037874,3
3260.0,263217604#0,31
3260.0,506322844#0,6
3260.0,594658757#0,1
3260.0,668037874,3
3280.0,263217604#0,31
3280.0,506322844#0,6
3280.0,594658757#0,1
3280.0,668037874,3
3300.0,263217604#0,31
3300.0,506322844#0,6
3300.0,594658757#0,1
3300.0,668037874,3
3320.0,263217604#0,31
3320.0,506322844#0,6
3320.0,594658757#0,1
3320.0,668037874,3
3340.0,263217604#0,31
3340.0,506322844#0,6
3340.0,594658757#0,1
3340.0,668037874,3
3360.0,196961377#0,1
3360.0,263217604#0,31
3360.0,506322844#0,6
3360.0,594658757#0,1
3360.0,668037874,3
3380.0,263217604#0,31
3380.0,506322844#0,6
3380.0,594658757#0,1
3380.0,668037874,3
3380.0,:619136999_2,1
3400.0,196961377#3,1
3400.0,263217604#0,31
3400.0,506322844#0,6
3400.0,594658757#0,1
3400.0,668037874,3
3420.0,-E0,1
3420.0,196961377#3,1
3420.0,263217604#0,30
3420.0,506322844#0,6
3420.0,668037874,3
3440.0,263217604#0,30
3440.0,506322844#0,6
3440.0,593849711#2,1
3440.0,668037874,3
3460.0,263217604#0,31
3460.0,506322844#0,4
3460.0,593849711#2,1
3460.0,668037874,3
3480.0,263217604#0,31
3480.0,506322844#0,6
3480.0,593849711#2,1
3480.0,668037874,3
3500.0,263217604#0,31
3500.0,506322844#0,6
3500.0,593849711#2,1
3500.0,668037874,3
3520.0,1068440006#0,1
3520.0,263217604#0,31
3520.0,506322844#0,6
3520.0,668037874,3
3540.0,263217604#0,31
3540.0,506322844#0,6
3540.0,668037874,3
3560.0,263217604#0,31
3560.0,506322844#0,6
3560.0,668037874,3
3580.0,263217604#0,31
3580.0,506322844#0,6
3580.0,668037874,3
3600.0,263217604#0,31
3600.0,506322844#0,6
3600.0,668037874,3
3620.0,263217604#0,31
3620.0,506322844#0,6
3620.0,668037874,3
3640.0,263217604#0,31
3640.0,506322844#0,6
3640.0,668037874,3
3660.0,263217604#0,31
3660.0,506322844#0,6
3660.0,668037874,3
3680.0,196961377#0,1
3680.0,263217604#0,31
3680.0,506322844#0,6
3680.0,668037874,3
3700.0,263217604#0,31
3700.0,506322844#0,6
3700.0,593852346,1
3700.0,668037874,3
3720.0,263217604#0,30
3720.0,360843888,1
3720.0,506322844#0,6
3720.0,593849711#0,1
3720.0,668037874,3
3740.0,263217604#0,30
3740.0,506322844#0,6
3740.0,668037874,3
3740.0,:655375232_4,1
3760.0,263217604#0,31
3760.0,506322844#0,5
3760.0,668037874,3
3780.0,263217604#0,31
3780.0,506322844#0,6
3780.0,668037874,3
3800.0,263217604#0,31
3800.0,506322844#0,6
3800.0,668037874,3
3820.0,263217604#0,31
3820.0,506322844#0,6
3820.0,668037874,3
3840.0,263217604#0,31
3840.0,506322844#0,6
3840.0,668037874,3
3860.0,263217604#0,31
3860.0,506322844#0,6
3860.0,668037874,3
3880.0,263217604#0,31
3880.0,506322844#0,6
3880.0,668037874,3
3900.0,263217604#0,31
3900.0,506322844#0,6
3900.0,668037874,3
3920.0,263217604#0,31
3920.0,506322844#0,6
3920.0,668037874,3
3940.0,263217604#0,31
3940.0,506322844#0,6
3940.0,668037874,3
3960.0,263217604#0,31
3960.0,506322844#0,6
3960.0,668037874,3
3980.0,196961377#0,1
3980.0,263217604#0,31
3980.0,506322844#0,6
3980.0,668037874,3
4000.0,196961377#3,1
4000.0,263217604#0,31
4000.0,506322844#0,6
4000.0,668037874,3
4020.0,-593849724,1
4020.0,263217604#0,30
4020.0,360843888,1
4020.0,506322844#0,6
4020.0,668037874,3
4040.0,-593847704#2,1
4040.0,260881642#0,1
4040.0,263217604#0,30
4040.0,506322844#0,6
4040.0,668037874,3
4060.0,-593847704#2,1
4060.0,263217604#0,30
4060.0,506322844#0,6
4060.0,668037874,3
4080.0,-593847704#2,1
4080.0,263217604#0,31
4080.0,506322844#0,3
4080.0,668037874,3
4100.0,263217604#0,31
4100.0,506322844#0,6
4100.0,668037874,3
4100.0,E0,1
4120.0,263217604#0,31
4120.0,506322844#0,6
4120.0,668037874,3
4140.0,263217604#0,31
4140.0,506322844#0,6
4140.0,668037874,3
4160.0,263217604#0,31
4160.0,506322844#0,6
4160.0,668037874,3
4180.0,263217604#0,31
4180.0,506322844#0,6
4180.0,668037874,3
4200.0,263217604#0,31
4200.0,506322844#0,6
4200.0,668037874,3
4220.0,263217604#0,31
4220.0,506322844#0,6
4220.0,668037874,3
4240.0,263217604#0,31
4240.0,506322844#0,6
4240.0,668037874,3
4260.0,263217604#0,31
4260.0,506322844#0,6
4260.0,668037874,3
4280.0,196961377#0,1
4280.0,263217604#0,31
4280.0,506322844#0,6
4280.0,668037874,3
4300.0,263217604#0,31
4300.0,506322844#0,6
4300.0,668037874,3
4300.0,:619136999_2,1
4320.0,196961377#3,1
4320.0,263217604#0,30
4320.0,360843888,1
4320.0,506322844#0,6
4320.0,668037874,3
4340.0,263217604#0,30
4340.0,506322844#0,6
4340.0,668037874,3
4340.0,:622618197_1,1
4360.0,-593847704#2,1
4360.0,263217604#0,31
4360.0,506322844#0,4
4360.0,668037874,3
4380.0,-593847704#2,1
4380.0,263217604#0,31
4380.0,506322844#0,6
4380.0,668037874,3
4400.0,263217604#0,31
4400.0,506322844#0,6
4400.0,668037874,3
4400.0,:3086736518_6,1
4420.0,263217604#0,31
4420.0,506322844#0,6
4420.0,668037874,3
4440.0,263217604#0,31
4440.0,506322844#0,6
4440.0,668037874,3
4460.0,263217604#0,31
4460.0,506322844#0,6
4460.0,668037874,3
4480.0,263217604#0,31
4480.0,506322844#0,6
4480.0,668037874,3
4500.0,263217604#0,31
4500.0,506322844#0,6
4500.0,668037874,3
4520.0,263217604#0,31
4520.0,506322844#0,6
4520.0,668037874,3
4540.0,263217604#0,31
4540.0,506322844#0,6
4540.0,668037874,3
4560.0,263217604#0,31
4560.0,506322844#0,6
4560.0,668037874,3
4580.0,196961377#0,1
4580.0,263217604#0,31
4580.0,506322844#0,6
4580.0,668037874,3
4600.0,196961377#0,1
4600.0,263217604#0,31
4600.0,506322844#0,6
4600.0,668037874,3
4620.0,263217604#0,31
4620.0,506322844#0,6
4620.0,593852346,1
4620.0,668037874,3
4640.0,260881642#0,1
4640.0,263217604#0,30
4640.0,506322844#0,6
4640.0,593849711#2,1
4640.0,668037874,3
4660.0,263217604#0,30
4660.0,506322844#0,6
4660.0,593849711#2,1
4660.0,668037874,3
4680.0,263217604#0,31
4680.0,506322844#0,4
4680.0,668037874,3
4680.0,E0,1
4700.0,263217604#0,31
4700.0,506322844#0,6
4700.0,668037874,3
4720.0,263217604#0,31
4720.0,506322844#0,6
4720.0,668037874,3
4740.0,263217604#0,31
4740.0,506322844#0,6
4740.0,668037874,3
4760.0,263217604#0,31
4760.0,506322844#0,6
4760.0,668037874,3
4780.0,263217604#0,31
4780.0,506322844#0,6
4780.0,668037874,3
4800.0,263217604#0,31
4800.0,506322844#0,6
4800.0,668037874,3
4820.0,263217604#0,31
4820.0,506322844#0,6
4820.0,668037874,3
4840.0,263217604#0,31
4840.0,506322844#0,6
4840.0,668037874,3
4860.0,263217604#0,31
4860.0,506322844#0,6
4860.0,668037874,3
4880.0,263217604#0,31
4880.0,506322844#0,6
4880.0,668037874,3
4900.0,196961377#0,1
4900.0,263217604#0,31
4900.0,506322844#0,6
4900.0,668037874,3
4920.0,196961377#3,1
4920.0,263217604#0,31
4920.0,506322844#0,6
4920.0,668037874,3
4940.0,-593847704#2,1
4940.0,263217604#0,30
4940.0,506322844#0,6
4940.0,594658757#0,1
4940.0,668037874,3
4960.0,263217604#0,30
4960.0,506322844#0,6
4960.0,593847703#0,1
4960.0,594658757#0,1
4960.0,668037874,3
4980.0,1068440004#1,1
4980.0,263217604#0,31
4980.0,506322844#0,5
4980.0,668037874,3
5000.0,1068440004#1,1
5000.0,263217604#0,31
5000.0,506322844#0,6
5000.0,668037874,3
5020.0,263217604#0,31
5020.0,506322844#0,6
5020.0,668037874,3
5020.0,:655375233_11,1
5040.0,263217604#0,31
5040.0,506322844#0,6
5040.0,668037874,3
5060.0,263217604#0,31
5060.0,506322844#0,6
5060.0,668037874,3
5080.0,263217604#0,31
5080.0,506322844#0,6
5080.0,668037874,3
5100.0,263217604#0,31
5100.0,506322844#0,6
5100.0,668037874,3
5120.0,263217604#0,31
5120.0,506322844#0,6
5120.0,668037874,3
5140.0,263217604#0,31
5140.0,506322844#0,6
5140.0,668037874,3
5160.0,263217604#0,31
5160.0,506322844#0,6
5160.0,668037874,3
5180.0,263217604#0,31
5180.0,506322844#0,6
5180.0,668037874,3
5200.0,196961377#0,1
5200.0,263217604#0,31
5200.0,506322844#0,6
5200.0,668037874,3
5220.0,196961377#3,1
5220.0,263217604#0,31
5220.0,506322844#0,6
5220.0,668037874,3
5240.0,196961377#3,1
5240.0,263217604#0,30
5240.0,360843888,1
5240.0,506322844#0,6
5240.0,668037874,3
5260.0,260881642#0,1
5260.0,263217604#0,30
5260.0,506322844#0,6
5260.0,668037874,3
5260.0,:622618015_3,1
5280.0,263217604#0,30
5280.0,506322844#0,6
5280.0,593849715,1
5280.0,668037874,3
5300.0,-593847704#2,1
5300.0,263217604#0,31
5300.0,506322844#0,3
5300.0,668037874,3
5320.0,-593847704#2,1
5320.0,263217604#0,31
5320.0,506322844#0,6
5320.0,668037874,3
5340.0,-593847704#2,1
5340.0,263217604#0,31
5340.0,506322844#0,6
5340.0,668037874,3
5360.0,263217604#0,31
5360.0,506322844#0,6
5360.0,668037874,3
5380.0,263217604#0,31
5380.0,506322844#0,6
5380.0,668037874,3
5400.0,263217604#0,31
5400.0,506322844#0,6
5400.0,668037874,3
5420.0,263217604#0,31
5420.0,506322844#0,6
5420.0,668037874,3
5440.0,263217604#0,31
5440.0,506322844#0,6
5440.0,668037874,3
5460.0,263217604#0,31
5460.0,506322844#0,6
5460.0,668037874,3
5480.0,263217604#0,31
5480.0,506322844#0,6
5480.0,668037874,3
5500.0,196961377#0,1
5500.0,263217604#0,31
5500.0,506322844#0,6
5500.0,668037874,3
5520.0,196961377#0,1
5520.0,263217604#0,31
5520.0,506322844#0,6
5520.0,668037874,3
5540.0,196961377#3,1
5540.0,263217604#0,30
5540.0,360843888,1
5540.0,506322844#0,6
5540.0,668037874,3
5560.0,196961377#3,1
5560.0,263217604#0,30
5560.0,506322844#0,6
5560.0,668037874,3
5580.0,196961377#3,1
5580.0,263217604#0,31
5580.0,506322844#0,4
5580.0,668037874,3
5600.0,-593847704#2,1
5600.0,263217604#0,31
5600.0,506322844#0,6
5600.0,668037874,3
5620.0,-593847704#2,1
5620.0,263217604#0,31
5620.0,506322844#0,6
5620.0,668037874,3
5640.0,-593847704#2,1
5640.0,263217604#0,31
5640.0,506322844#0,6
5640.0,668037874,3
5660.0,263217604#0,31
5660.0,506322844#0,6
5660.0,593847703#0,1
5660.0,668037874,3
5680.0,182334378#0,1
5680.0,263217604#0,31
5680.0,506322844#0,6
5680.0,668037874,3
5700.0,263217604#0,31
5700.0,506322844#0,6
5700.0,668037874,3
5720.0,263217604#0,31
5720.0,506322844#0,6
5720.0,668037874,3
5740.0,263217604#0,31
5740.0,506322844#0,6
5740.0,668037874,3
5760.0,263217604#0,31
5760.0,506322844#0,6
5760.0,668037874,3
5780.0,263217604#0,31
5780.0,506322844#0,6
5780.0,668037874,3
5800.0,196961377#0,1
5800.0,263217604#0,31
5800.0,506322844#0,6
5800.0,668037874,2
5820.0,196961377#0,1
5820.0,263217604#0,31
5820.0,506322844#0,6
5820.0,668037874,3
5840.0,196961377#3,1
5840.0,263217604#0,31
5840.0,506322844#0,6
5840.0,668037874,3
5860.0,260881642#0,1
5860.0,263217604#0,30
5860.0,506322844#0,6
5860.0,593852345#0,1
5860.0,668037874,3
5880.0,241518668#0,1
5880.0,263217604#0,30
5880.0,506322844#0,6
5880.0,668037874,3
5900.0,1068440001,1
5900.0,263217604#0,31
5900.0,506322844#0,4
5900.0,668037874,3
5920.0,1239087513,1
5920.0,263217604#0,31
5920.0,506322844#0,6
5920.0,668037874,3
5940.0,1239087513,1
5940.0,263217604#0,31
5940.0,506322844#0,6
5940.0,668037874,3
5960.0,263217604#0,31
5960.0,506322844#0,6
5960.0,668037874,3
5980.0,263217604#0,31
5980.0,506322844#0,6
5980.0,668037874,3
6000.0,263217604#0,31
6000.0,506322844#0,6
6000.0,668037874,3
6020.0,263217604#0,31
6020.0,506322844#0,6
6020.0,668037874,3
6040.0,263217604#0,31
6040.0,506322844#0,6
6040.0,668037874,3
6060.0,263217604#0,31
6060.0,506322844#0,6
6060.0,668037874,3
6080.0,263217604#0,31
6080.0,506322844#0,6
6080.0,668037874,3
6100.0,263217604#0,31
6100.0,506322844#0,6
6100.0,668037874,3
6120.0,196961377#0,1
6120.0,263217604#0,31
6120.0,506322844#0,6
6120.0,668037874,3
6140.0,196961377#3,1
6140.0,263217604#0,31
6140.0,506322844#0,6
6140.0,668037874,3
6160.0,196961377#3,1
6160.0,263217604#0,29
6160.0,360843888,1
6160.0,506322844#0,6
6160.0,594658760#0,1
6160.0,668037874,3
6180.0,1068440004#1,1
6180.0,263217604#0,29
6180.0,506322844#0,6
6180.0,668037874,3
6180.0,:622618197_1,1
6200.0,263217604#0,30
6200.0,506322844#0,5
6200.0,593849711#2,1
6200.0,668037874,3
6220.0,263217604#0,31
6220.0,506322844#0,3
6220.0,593849711#2,1
6220.0,668037874,3
6240.0,263217604#0,31
6240.0,506322844#0,6
6240.0,593849711#2,1
6240.0,668037874,3
6260.0,263217604#0,31
6260.0,506322844#0,6
6260.0,668037874,3
6260.0,E0,1
6280.0,263217604#0,31
6280.0,506322844#0,6
6280.0,668037874,3
6300.0,263217604#0,31
6300.0,506322844#0,6
6300.0,668037874,3
6320.0,263217604#0,31
6320.0,506322844#0,6
6320.0,668037874,3
6340.0,263217604#0,31
6340.0,506322844#0,6
6340.0,668037874,3
6360.0,263217604#0,31
6360.0,506322844#0,6
6360.0,668037874,3
6380.0,263217604#0,31
6380.0,506322844#0,6
6380.0,668037874,3
6400.0,263217604#0,31
6400.0,506322844#0,6
6400.0,668037874,3
6420.0,196961377#0,1
6420.0,263217604#0,31
6420.0,506322844#0,6
6420.0,668037874,3
6440.0,263217604#0,31
6440.0,506322844#0,6
6440.0,668037874,3
6440.0,:619136999_2,1
6460.0,-593847704#2,1
6460.0,263217604#0,30
6460.0,506322844#0,6
6460.0,594658757#0,1
6460.0,668037874,3
6480.0,-593847704#2,1
6480.0,263217604#0,30
6480.0,506322844#0,6
6480.0,594658757#0,1
6480.0,668037874,3
6500.0,-593847704#2,1
6500.0,263217604#0,31
6500.0,506322844#0,4
6500.0,594658757#0,1
6500.0,668037874,3
6520.0,263217604#0,31
6520.0,506322844#0,6
6520.0,594658757#0,1
6520.0,668037874,3
6520.0,:3086736518_6,1
6540.0,263217604#0,31
6540.0,506322844#0,6
6540.0,594658757#0,1
6540.0,668037874,3
6560.0,263217604#0,31
6560.0,506322844#0,6
6560.0,594658757#0,1
6560.0,668037874,3
6580.0,263217604#0,31
6580.0,506322844#0,6
6580.0,594658757#0,1
6580.0,668037874,3
6600.0,263217604#0,31
6600.0,506322844#0,6
6600.0,594658757#0,1
6600.0,668037874,3
6620.0,263217604#0,31
6620.0,506322844#0,6
6620.0,594658757#0,1
6620.0,668037874,3
6640.0,263217604#0,31
6640.0,506322844#0,6
6640.0,594658757#0,1
6640.0,668037874,3
6660.0,263217604#0,31
6660.0,506322844#0,6
6660.0,594658757#0,1
6660.0,668037874,3
6680.0,263217604#0,31
6680.0,506322844#0,6
6680.0,594658757#0,1
6680.0,668037874,3
6700.0,263217604#0,31
6700.0,506322844#0,6
6700.0,594658757#0,1
6700.0,668037874,3
6720.0,196961377#0,1
6720.0,263217604#0,31
6720.0,506322844#0,6
6720.0,594658757#0,1
6720.0,668037874,3
6740.0,196961377#0,1
6740.0,263217604#0,31
6740.0,506322844#0,6
6740.0,594658757#0,1
6740.0,668037874,3
6760.0,196961377#3,1
6760.0,263217604#0,31
6760.0,506322844#0,6
6760.0,594658757#0,1
6760.0,668037874,3
6780.0,-E0,1
6780.0,263217604#0,30
6780.0,506322844#0,6
6780.0,593852346,1
6780.0,594658757#0,1
6780.0,668037874,3
6800.0,-593847704#2,1
6800.0,263217604#0,30
6800.0,506322844#0,6
6800.0,594658757#0,1
6800.0,668037874,3
6820.0,-593847704#2,1
6820.0,263217604#0,31
6820.0,506322844#0,4
6820.0,594658757#0,1
6820.0,668037874,3
6840.0,263217604#0,31
6840.0,506322844#0,6
6840.0,594658757#0,1
6840.0,668037874,3
6840.0,E0,1
6860.0,263217604#0,31
6860.0,506322844#0,6
6860.0,594658757#0,1
6860.0,668037874,3
6880.0,263217604#0,31
6880.0,506322844#0,6
6880.0,594658757#0,1
6880.0,668037874,3
6900.0,263217604#0,31
6900.0,506322844#0,6
6900.0,594658757#0,1
6900.0,668037874,3
6920.0,263217604#0,31
6920.0,506322844#0,6
6920.0,594658757#0,1
6920.0,668037874,3
6940.0,263217604#0,31
6940.0,506322844#0,6
6940.0,594658757#0,1
6940.0,668037874,3
6960.0,263217604#0,31
6960.0,506322844#0,6
6960.0,594658757#0,1
6960.0,668037874,3
6980.0,263217604#0,31
6980.0,506322844#0,6
6980.0,594658757#0,1
6980.0,668037874,3
7000.0,263217604#0,31
7000.0,506322844#0,6
7000.0,594658757#0,1
7000.0,668037874,3
7020.0,196961377#0,1
7020.0,263217604#0,31
7020.0,506322844#0,6
7020.0,594658757#0,1
7020.0,668037874,3
7040.0,196961377#0,1
7040.0,263217604#0,31
7040.0,506322844#0,6
7040.0,594658757#0,1
7040.0,668037874,3
7060.0,196961377#3,1
7060.0,263217604#0,31
7060.0,506322844#0,6
7060.0,594658757#0,1
7060.0,668037874,3
7080.0,-E0,1
7080.0,196961377#3,1
7080.0,263217604#0,30
7080.0,360843888,1
7080.0,506322844#0,6
7080.0,668037874,3
7100.0,263217604#0,30
7100.0,506322844#0,6
7100.0,668037874,3
7100.0,:622618197_1,1
7120.0,-593847704#2,1
7120.0,263217604#0,31
7120.0,506322844#0,5
7120.0,668037874,3
7140.0,-593847704#2,1
7140.0,263217604#0,31
7140.0,506322844#0,6
7140.0,668037874,3
7160.0,263217604#0,31
7160.0,506322844#0,6
7160.0,668037874,3
7160.0,E0,1
7180.0,263217604#0,31
7180.0,506322844#0,6
7180.0,668037874,3
7200.0,263217604#0,31
7200.0,506322844#0,6
7200.0,668037874,3
7220.0,263217604#0,31
7220.0,506322844#0,6
7220.0,668037874,3
7240.0,263217604#0,31
7240.0,506322844#0,6
7240.0,668037874,3
7260.0,263217604#0,31
7260.0,506322844#0,6
7260.0,668037874,3
7280.0,263217604#0,31
7280.0,506322844#0,6
7280.0,668037874,3
7300.0,263217604#0,31
7300.0,506322844#0,6
7300.0,668037874,3
7320.0,263217604#0,31
7320.0,506322844#0,6
7320.0,668037874,3
7340.0,196961377#0,1
7340.0,263217604#0,31
7340.0,506322844#0,6
7340.0,668037874,3
7360.0,263217604#0,31
7360.0,506322844#0,6
7360.0,668037874,3
7360.0,:619136999_2,1
7380.0,-593847704#2,1
7380.0,263217604#0,30
7380.0,360843888,1
7380.0,506322844#0,6
7380.0,668037874,3
7400.0,-593847704#2,1
7400.0,260881642#0,1
7400.0,263217604#0,30
7400.0,506322844#0,6
7400.0,668037874,3
7420.0,-593847704#2,1
7420.0,263217604#0,31
7420.0,506322844#0,5
7420.0,668037874,3
7440.0,-593847704#2,1
7440.0,263217604#0,31
7440.0,506322844#0,6
7440.0,668037874,3
7460.0,263217604#0,31
7460.0,506322844#0,6
7460.0,668037874,3
7460.0,E0,1
7480.0,263217604#0,31
7480.0,506322844#0,6
7480.0,668037874,3
7500.0,263217604#0,31
7500.0,506322844#0,6
7500.0,668037874,3
7520.0,263217604#0,31
7520.0,506322844#0,6
7520.0,668037874,3
7540.0,263217604#0,31
7540.0,506322844#0,6
7540.0,668037874,3
7560.0,263217604#0,31
7560.0,506322844#0,6
7560.0,668037874,3
7580.0,263217604#0,31
7580.0,506322844#0,6
7580.0,668037874,3
7600.0,263217604#0,31
7600.0,506322844#0,6
7600.0,668037874,3
7620.0,263217604#0,31
7620.0,506322844#0,6
7620.0,668037874,3
7640.0,196961377#0,1
7640.0,263217604#0,31
7640.0,506322844#0,6
7640.0,668037874,3
7660.0,196961377#0,1
7660.0,263217604#0,31
7660.0,506322844#0,6
7660.0,668037874,3
7680.0,196961377#3,1
7680.0,263217604#0,30
7680.0,360843888,1
7680.0,506322844#0,6
7680.0,668037874,3
7700.0,-593847704#2,1
7700.0,263217604#0,30
7700.0,506322844#0,6
7700.0,668037874,3
7720.0,-593847704#2,1
7720.0,263217604#0,31
7720.0,506322844#0,3
7720.0,668037874,3
7740.0,-593847704#2,1
7740.0,263217604#0,31
7740.0,506322844#0,6
7740.0,668037874,3
7760.0,-300077497#5,1
7760.0,-593847704#2,1
7760.0,263217604#0,31
7760.0,506322844#0,5
7760.0,668037874,3
7780.0,182334378#0,1
7780.0,263217604#0,31
7780.0,506322844#0,6
7780.0,593847703#0,1
7780.0,668037874,3
7800.0,182334378#0,2
7800.0,263217604#0,31
7800.0,506322844#0,6
7800.0,668037874,3
7820.0,182334378#0,1
7820.0,263217604#0,31
7820.0,506322844#0,6
7820.0,668037874,3
7840.0,263217604#0,31
7840.0,506322844#0,6
7840.0,668037874,3
7840.0,:cluster_3208478133_655375293_655375296_9631728504_#1more_25,1
7860.0,263217604#0,31
7860.0,506322844#0,6
7860.0,668037874,3
7880.0,263217604#0,31
7880.0,506322844#0,6
7880.0,668037874,3
7900.0,263217604#0,31
7900.0,506322844#0,6
7900.0,668037874,3
7920.0,263217604#0,31
7920.0,506322844#0,6
7920.0,668037874,3
7940.0,196961377#0,1
7940.0,263217604#0,31
7940.0,506322844#0,6
7940.0,668037874,3
7960.0,196961377#0,1
7960.0,263217604#0,31
7960.0,506322844#0,6
7960.0,668037874,3
7980.0,196961377#3,1
7980.0,263217604#0,31
7980.0,506322844#0,6
7980.0,668037874,3
8000.0,196961377#3,1
8000.0,260881642#0,1
8000.0,263217604#0,30
8000.0,506322844#0,6
8000.0,668037874,3
8020.0,-593849724,1
8020.0,263217604#0,30
8020.0,506322844#0,6
8020.0,668037874,3
8040.0,-593847704#2,1
8040.0,263217604#0,31
8040.0,506322844#0,3
8040.0,668037874,3
8060.0,-593847704#2,1
8060.0,263217604#0,31
8060.0,506322844#0,3
8060.0,668037874,3
8080.0,-593847704#2,1
8080.0,263217604#0,31
8080.0,506322844#0,3
8080.0,668037874,3
8100.0,263217604#0,31
8100.0,506322844#0,3
8100.0,668037874,3
8100.0,E0,1
8120.0,263217604#0,31
8120.0,506322844#0,3
8120.0,668037874,3
8140.0,263217604#0,31
8140.0,506322844#0,3
8140.0,668037874,3
8160.0,263217604#0,31
8160.0,506322844#0,3
8160.0,668037874,3
8180.0,263217604#0,31
8180.0,506322844#0,3
8180.0,668037874,3
8200.0,263217604#0,31
8200.0,506322844#0,3
8200.0,668037874,3
8220.0,263217604#0,31
8220.0,506322844#0,3
8220.0,668037874,3
8240.0,196961377#0,1
8240.0,263217604#0,31
8240.0,506322844#0,3
8240.0,668037874,3
8260.0,196961377#0,1
8260.0,263217604#0,31
8260.0,506322844#0,3
8260.0,668037874,3
8280.0,196961377#3,1
8280.0,263217604#0,31
8280.0,506322844#0,3
8280.0,668037874,3
8300.0,-593847704#2,1
8300.0,263217604#0,30
8300.0,360843888,1
8300.0,506322844#0,3
8300.0,668037874,3
8320.0,263217604#0,30
8320.0,506322844#0,3
8320.0,668037874,3
8320.0,:3086736518_6,1
8340.0,263217604#0,31
8340.0,506322844#0,2
8340.0,668037874,3
8360.0,263217604#0,31
8360.0,668037874,3
8380.0,263217604#0,31
8380.0,668037874,3
8400.0,263217604#0,31
8400.0,668037874,3
8420.0,263217604#0,31
8420.0,668037874,3
8440.0,263217604#0,31
8440.0,668037874,3
8460.0,263217604#0,31
8460.0,668037874,3
8480.0,263217604#0,31
8480.0,668037874,3
8500.0,263217604#0,31
8500.0,668037874,3
8520.0,263217604#0,31
8520.0,668037874,3
8540.0,263217604#0,31
8540.0,668037874,3
8560.0,196961377#0,1
8560.0,263217604#0,31
8560.0,668037874,3
8580.0,196961377#0,1
8580.0,263217604#0,31
8580.0,668037874,3
8600.0,196961377#3,1
8600.0,260881642#0,1
8600.0,263217604#0,30
8600.0,668037874,3
8620.0,-593847704#2,1
8620.0,263217604#0,30
8620.0,668037874,3
8640.0,263217604#0,30
8640.0,668037874,3
8640.0,E0,1
8660.0,263217604#0,30
8660.0,668037874,3
8680.0,263217604#0,30
8680.0,668037874,3
8700.0,263217604#0,30
8700.0,668037874,3
8720.0,263217604#0,30
8720.0,668037874,3
8740.0,263217604#0,30
8740.0,668037874,3
8760.0,263217604#0,30
8760.0,668037874,3
8780.0,263217604#0,30
8780.0,668037874,3
8800.0,263217604#0,30
8800.0,668037874,3
8820.0,263217604#0,30
8820.0,668037874,3
8840.0,263217604#0,30
8840.0,668037874,3
8860.0,196961377#0,1
8860.0,263217604#0,30
8860.0,668037874,3
8880.0,196961377#0,1
8880.0,263217604#0,30
8880.0,668037874,3
8900.0,196961377#3,1
8900.0,263217604#0,29
8900.0,360843888,1
8900.0,668037874,3
8920.0,196961377#3,1
8920.0,263217604#0,29
8920.0,668037874,3
8940.0,263217604#0,29
8940.0,593852346,1
8940.0,668037874,3
8960.0,263217604#0,29
8960.0,593849711#2,1
8960.0,668037874,3
8980.0,263217604#0,29
8980.0,593849711#2,1
8980.0,668037874,3
9000.0,263217604#0,29
9000.0,668037874,3
9000.0,E0,1
9020.0,263217604#0,29
9020.0,668037874,3
9040.0,263217604#0,29
9040.0,668037874,3
9060.0,263217604#0,29
9060.0,668037874,3
9080.0,263217604#0,29
9080.0,668037874,3
9100.0,263217604#0,29
9100.0,668037874,3
9120.0,263217604#0,29
9120.0,668037874,3
9140.0,263217604#0,29
9140.0,668037874,3
9160.0,196961377#0,1
9160.0,263217604#0,29
9160.0,668037874,3
9180.0,196961377#0,1
9180.0,263217604#0,29
9180.0,668037874,3
9200.0,196961377#3,1
9200.0,263217604#0,28
9200.0,360843888,1
9200.0,668037874,3
9220.0,-593847704#2,1
9220.0,260881642#0,1
9220.0,263217604#0,28
9220.0,668037874,3
9240.0,-593847704#2,1
9240.0,263217604#0,28
9240.0,668037874,3
9260.0,263217604#0,28
9260.0,668037874,3
9260.0,:3086736518_6,1
9280.0,263217604#0,28
9280.0,668037874,3
9300.0,263217604#0,28
9300.0,668037874,3
9320.0,263217604#0,28
9320.0,668037874,3
9340.0,263217604#0,28
9340.0,668037874,3
9360.0,263217604#0,28
9360.0,668037874,3
9380.0,263217604#0,28
9380.0,668037874,3
9400.0,263217604#0,28
9400.0,668037874,3
9420.0,263217604#0,28
9420.0,668037874,3
9440.0,263217604#0,28
9440.0,668037874,3
9460.0,196961377#0,1
9460.0,263217604#0,28
9460.0,668037874,2
9480.0,196961377#0,1
9480.0,263217604#0,28
9480.0,668037874,3
9500.0,263217604#0,28
9500.0,668037874,3
9500.0,:619136999_2,1
9520.0,263217604#0,27
9520.0,668037874,3
9520.0,:622618197_1,1
9540.0,-593847704#2,1
9540.0,263217604#0,27
9540.0,668037874,3
9560.0,-593847704#2,1
9560.0,263217604#0,27
9560.0,668037874,3
9580.0,263217604#0,27
9580.0,668037874,3
9580.0,E0,1
9600.0,263217604#0,27
9600.0,668037874,3
9620.0,263217604#0,27
9620.0,668037874,3
9640.0,263217604#0,27
9640.0,668037874,3
9660.0,263217604#0,27
9660.0,668037874,3
9680.0,263217604#0,27
9680.0,668037874,3
9700.0,263217604#0,27
9700.0,668037874,3
9720.0,263217604#0,27
9720.0,668037874,3
9740.0,263217604#0,27
9740.0,668037874,3
9760.0,263217604#0,27
9760.0,668037874,3
9780.0,196961377#3,1
9780.0,263217604#0,27
9780.0,668037874,3
9800.0,263217604#0,27
9800.0,593852345#0,1
9800.0,668037874,3
9820.0,241518668#0,1
9820.0,260881642#0,1
9820.0,263217604#0,26
9820.0,668037874,3
9840.0,263217604#0,26
9840.0,51362429#0,1
9840.0,668037874,3
9860.0,263217604#0,26
9860.0,51362429#0,1
9860.0,668037874,3
9880.0,263217604#0,26
9880.0,51362429#0,1
9880.0,668037874,3
9900.0,263217604#0,26
9900.0,51362429#0,1
9900.0,668037874,3
9920.0,1068440006#0,1
9920.0,263217604#0,26
9920.0,668037874,3
9940.0,263217604#0,26
9940.0,668037874,3
9960.0,263217604#0,26
9960.0,668037874,3
9980.0,263217604#0,26
9980.0,668037874,3
10000.0,263217604#0,26
10000.0,668037874,3
10020.0,263217604#0,26
10020.0,668037874,3
10040.0,263217604#0,26
10040.0,668037874,3
10060.0,263217604#0,26
10060.0,668037874,3
10080.0,196961377#0,1
10080.0,263217604#0,26
10080.0,668037874,3
10100.0,196961377#3,1
10100.0,263217604#0,26
10100.0,668037874,3
10120.0,-593849724,1
10120.0,263217604#0,25
10120.0,360843888,1
10120.0,668037874,3
10140.0,-593847704#2,1
10140.0,263217604#0,25
10140.0,668037874,3
10160.0,-593847704#2,1
10160.0,263217604#0,25
10160.0,668037874,3
10180.0,-593847704#2,1
10180.0,263217604#0,25
10180.0,668037874,3
10200.0,263217604#0,25
10200.0,668037874,3
10200.0,E0,1
10220.0,263217604#0,25
10220.0,668037874,3
10240.0,263217604#0,25
10240.0,668037874,3
10260.0,263217604#0,25
10260.0,668037874,3
10280.0,263217604#0,25
10280.0,668037874,3
10300.0,263217604#0,25
10300.0,668037874,3
10320.0,263217604#0,25
10320.0,668037874,3
10340.0,263217604#0,25
10340.0,668037874,3
10360.0,263217604#0,25
10360.0,668037874,3
10380.0,196961377#0,1
10380.0,263217604#0,25
10380.0,668037874,3
10400.0,196961377#3,1
10400.0,263217604#0,25
10400.0,668037874,3
10420.0,196961377#3,1
10420.0,263217604#0,24
10420.0,360843888,1
10420.0,668037874,3
10440.0,263217604#0,24
10440.0,668037874,3
10440.0,:622618197_1,1
10460.0,263217604#0,24
10460.0,593849711#2,1
10460.0,668037874,3
10480.0,263217604#0,24
10480.0,668037874,3
10480.0,E0,1
10500.0,263217604#0,24
10500.0,668037874,3
10520.0,263217604#0,24
10520.0,668037874,3
10540.0,263217604#0,24
10540.0,668037874,3
10560.0,263217604#0,24
10560.0,668037874,3
10580.0,263217604#0,24
10580.0,668037874,3
10600.0,263217604#0,24
10600.0,668037874,3
10620.0,263217604#0,24
10620.0,668037874,3
10640.0,263217604#0,24
10640.0,668037874,3
10660.0,263217604#0,24
10660.0,668037874,3
10680.0,196961377#0,1
10680.0,263217604#0,24
10680.0,668037874,2
10700.0,196961377#3,1
10700.0,263217604#0,24
10700.0,668037874,3
10720.0,-593847704#2,1
10720.0,263217604#0,24
10720.0,668037874,3
10740.0,-593847704#2,1
10740.0,263217604#0,23
10740.0,668037874,3
10760.0,263217604#0,23
10760.0,668037874,3
10780.0,263217604#0,23
10780.0,668037874,3
10800.0,263217604#0,23
10800.0,668037874,3
10820.0,263217604#0,23
10820.0,668037874,3
10840.0,263217604#0,23
10840.0,668037874,3
10860.0,263217604#0,23
10860.0,668037874,3
10880.0,263217604#0,23
10880.0,668037874,3
10900.0,263217604#0,23
10900.0,668037874,3
10920.0,263217604#0,23
10920.0,668037874,3
10940.0,263217604#0,23
10940.0,668037874,3
10960.0,263217604#0,23
10960.0,668037874,3
10980.0,263217604#0,23
10980.0,668037874,3
11000.0,196961377#0,1
11000.0,263217604#0,23
11000.0,668037874,3
11020.0,196961377#3,1
11020.0,263217604#0,23
11020.0,668037874,3
11040.0,-593849724,1
11040.0,263217604#0,22
11040.0,360843888,1
11040.0,668037874,3
11060.0,263217604#0,22
11060.0,668037874,3
11060.0,E0,1
11080.0,263217604#0,22
11080.0,668037874,3
11100.0,263217604#0,22
11100.0,668037874,3
11120.0,263217604#0,22
11120.0,668037874,3
11140.0,263217604#0,22
11140.0,668037874,3
11160.0,263217604#0,22
11160.0,668037874,3
11180.0,263217604#0,22
11180.0,668037874,3
11200.0,263217604#0,22
11200.0,668037874,3
11220.0,263217604#0,22
11220.0,668037874,3
11240.0,263217604#0,22
11240.0,668037874,3
11260.0,263217604#0,22
11260.0,668037874,3
11280.0,263217604#0,22
11280.0,668037874,3
11300.0,196961377#0,1
11300.0,263217604#0,22
11300.0,668037874,3
11320.0,196961377#3,1
11320.0,263217604#0,22
11320.0,668037874,3
11340.0,196961377#3,1
11340.0,263217604#0,21
11340.0,360843888,1
11340.0,668037874,3
11360.0,260881642#0,1
11360.0,263217604#0,21
11360.0,668037874,3
11360.0,:622618197_1,1
11380.0,-593847704#2,1
11380.0,263217604#0,21
11380.0,668037874,3
11400.0,-593847704#2,1
11400.0,263217604#0,21
11400.0,668037874,3
11420.0,-593847704#2,1
11420.0,263217604#0,21
11420.0,668037874,3
11440.0,-593847704#2,1
11440.0,263217604#0,21
11440.0,668037874,3
11460.0,263217604#0,21
11460.0,668037874,3
11480.0,263217604#0,21
11480.0,668037874,3
11500.0,263217604#0,21
11500.0,668037874,3
11520.0,263217604#0,21
11520.0,668037874,3
11540.0,263217604#0,21
11540.0,668037874,3
11560.0,263217604#0,21
11560.0,668037874,3
11580.0,263217604#0,21
11580.0,668037874,3
11600.0,196961377#0,1
11600.0,263217604#0,21
11600.0,668037874,3
11620.0,196961377#3,1
11620.0,263217604#0,21
11620.0,668037874,3
11640.0,-593847704#2,1
11640.0,263217604#0,20
11640.0,360843888,1
11640.0,668037874,3
11660.0,-593847704#2,1
11660.0,263217604#0,20
11660.0,668037874,3
11680.0,263217604#0,20
11680.0,668037874,3
11680.0,:3086736518_6,1
11700.0,263217604#0,20
11700.0,668037874,3
11720.0,263217604#0,20
11720.0,668037874,3
11740.0,263217604#0,20
11740.0,668037874,3
11760.0,263217604#0,20
11760.0,668037874,3
11780.0,263217604#0,20
11780.0,668037874,3
11800.0,263217604#0,20
11800.0,668037874,3
11820.0,263217604#0,20
11820.0,668037874,3
11840.0,263217604#0,20
11840.0,668037874,3
11860.0,263217604#0,20
11860.0,668037874,3
11880.0,263217604#0,20
11880.0,668037874,3
11900.0,196961377#0,1
11900.0,263217604#0,20
11900.0,668037874,2
11920.0,263217604#0,20
11920.0,668037874,3
11920.0,:619136999_2,1
11940.0,196961377#3,1
11940.0,263217604#0,20
11940.0,668037874,3
11960.0,260881642#0,1
11960.0,263217604#0,19
11960.0,668037874,3
11960.0,:622618108_4,1
11980.0,-593847704#2,1
11980.0,263217604#0,19
11980.0,668037874,3
12000.0,263217604#0,19
12000.0,668037874,3
12000.0,E0,1
12020.0,263217604#0,19
12020.0,668037874,3
12040.0,263217604#0,19
12040.0,668037874,3
12060.0,263217604#0,19
12060.0,668037874,3
12080.0,263217604#0,19
12080.0,668037874,3
12100.0,263217604#0,19
12100.0,668037874,3
12120.0,263217604#0,19
12120.0,668037874,3
12140.0,263217604#0,19
12140.0,668037874,3
12160.0,263217604#0,19
12160.0,668037874,3
12180.0,263217604#0,19
12180.0,668037874,3
12200.0,263217604#0,19
12200.0,668037874,3
12220.0,196961377#0,1
12220.0,263217604#0,19
12220.0,668037874,3
12240.0,196961377#3,1
12240.0,263217604#0,19
12240.0,668037874,3
12260.0,196961377#3,1
12260.0,263217604#0,18
12260.0,360843888,1
12260.0,668037874,3
12280.0,263217604#0,18
12280.0,668037874,3
12280.0,:622618197_1,1
12300.0,-593847704#2,1
12300.0,263217604#0,18
12300.0,668037874,3
12320.0,263217604#0,18
12320.0,668037874,3
12340.0,263217604#0,18
12340.0,668037874,3
12360.0,263217604#0,18
12360.0,668037874,3
12380.0,263217604#0,18
12380.0,668037874,3
12400.0,263217604#0,18
12400.0,668037874,3
12420.0,263217604#0,18
12420.0,668037874,3
12440.0,263217604#0,18
12440.0,668037874,3
12460.0,263217604#0,18
12460.0,668037874,3
12480.0,263217604#0,18
12480.0,668037874,3
12500.0,263217604#0,18
12500.0,668037874,3
12520.0,196961377#0,1
12520.0,263217604#0,18
12520.0,668037874,3
12540.0,196961377#3,1
12540.0,263217604#0,18
12540.0,668037874,3
12560.0,263217604#0,17
12560.0,360843888,1
12560.0,593849711#0,1
12560.0,668037874,3
12580.0,1068440006#0,1
12580.0,260881642#0,1
12580.0,263217604#0,17
12580.0,668037874,3
12600.0,263217604#0,17
12600.0,668037874,3
12620.0,263217604#0,17
12620.0,668037874,3
12640.0,263217604#0,17
12640.0,668037874,3
12660.0,263217604#0,17
12660.0,668037874,3
12680.0,263217604#0,17
12680.0,668037874,3
12700.0,263217604#0,17
12700.0,668037874,3
12720.0,263217604#0,17
12720.0,668037874,3
12740.0,263217604#0,17
12740.0,668037874,3
12760.0,263217604#0,17
12760.0,668037874,3
12780.0,263217604#0,17
12780.0,668037874,3
12800.0,263217604#0,17
12800.0,668037874,3
12820.0,196961377#0,1
12820.0,263217604#0,17
12820.0,668037874,3
12840.0,196961377#3,1
12840.0,263217604#0,17
12840.0,668037874,3
12860.0,196961377#3,1
12860.0,263217604#0,17
12860.0,668037874,3
12880.0,-593847704#2,1
12880.0,263217604#0,16
12880.0,668037874,3
12900.0,-593847704#2,1
12900.0,263217604#0,16
12900.0,668037874,3
12920.0,-593847704#2,1
12920.0,263217604#0,16
12920.0,668037874,3
12940.0,263217604#0,16
12940.0,668037874,3
12940.0,E0,1
12960.0,263217604#0,16
12960.0,668037874,3
12980.0,263217604#0,16
12980.0,668037874,3
13000.0,263217604#0,16
13000.0,668037874,3
13020.0,263217604#0,16
13020.0,668037874,3
13040.0,263217604#0,16
13040.0,668037874,3
13060.0,263217604#0,16
13060.0,668037874,3
13080.0,263217604#0,16
13080.0,668037874,3
13100.0,263217604#0,16
13100.0,668037874,3
13120.0,263217604#0,16
13120.0,668037874,3
13140.0,196961377#0,1
13140.0,263217604#0,16
13140.0,668037874,3
13160.0,196961377#3,1
13160.0,263217604#0,16
13160.0,668037874,3
13180.0,196961377#3,1
13180.0,260881642#0,1
13180.0,263217604#0,15
13180.0,668037874,3
13200.0,263217604#0,15
13200.0,593849721,1
13200.0,668037874,3
13220.0,-593847704#2,1
13220.0,263217604#0,15
13220.0,668037874,3
13240.0,263217604#0,15
13240.0,668037874,3
13240.0,:3086736518_6,1
13260.0,263217604#0,15
13260.0,668037874,3
13280.0,263217604#0,15
13280.0,668037874,3
13300.0,263217604#0,15
13300.0,668037874,3
13320.0,263217604#0,15
13320.0,668037874,3
13340.0,263217604#0,15
13340.0,668037874,3
13360.0,263217604#0,15
13360.0,668037874,3
13380.0,263217604#0,15
13380.0,668037874,3
13400.0,263217604#0,15
13400.0,668037874,3
13420.0,263217604#0,15
13420.0,668037874,3
13440.0,196961377#0,1
13440.0,263217604#0,15
13440.0,668037874,3
13460.0,263217604#0,15
13460.0,668037874,3
13460.0,:622618197_1,1
13480.0,-593847704#2,1
13480.0,263217604#0,14
13480.0,360843888,1
13480.0,668037874,3
13500.0,-593847704#2,1
13500.0,263217604#0,14
13500.0,668037874,3
13520.0,-593847704#2,1
13520.0,263217604#0,14
13520.0,668037874,3
13540.0,-593847704#2,1
13540.0,263217604#0,14
13540.0,668037874,3
13560.0,263217604#0,14
13560.0,668037874,3
13560.0,E0,1
13580.0,263217604#0,14
13580.0,668037874,3
13600.0,263217604#0,14
13600.0,668037874,3
13620.0,263217604#0,14
13620.0,668037874,3
13640.0,263217604#0,14
13640.0,668037874,3
13660.0,263217604#0,14
13660.0,668037874,3
13680.0,263217604#0,14
13680.0,668037874,3
13700.0,263217604#0,14
13700.0,668037874,3
13720.0,263217604#0,14
13720.0,668037874,3
13740.0,196961377#0,1
13740.0,263217604#0,14
13740.0,668037874,3
13760.0,196961377#3,1
13760.0,263217604#0,14
13760.0,668037874,3
13780.0,196961377#3,1
13780.0,263217604#0,13
13780.0,360843888,1
13780.0,668037874,3
13800.0,-593847704#2,1
13800.0,263217604#0,13
13800.0,668037874,3
13820.0,-593847704#2,1
13820.0,263217604#0,13
13820.0,668037874,3
13840.0,-593847704#2,1
13840.0,263217604#0,13
13840.0,668037874,3
13860.0,-593847704#2,1
13860.0,263217604#0,13
13860.0,668037874,3
13880.0,263217604#0,13
13880.0,668037874,3
13900.0,263217604#0,13
13900.0,668037874,3
13920.0,263217604#0,13
13920.0,668037874,3
13940.0,263217604#0,13
13940.0,668037874,3
13960.0,263217604#0,13
13960.0,668037874,3
13980.0,263217604#0,13
13980.0,668037874,3
14000.0,263217604#0,13
14000.0,668037874,3
14020.0,263217604#0,13
14020.0,668037874,3
14040.0,196961377#0,1
14040.0,263217604#0,13
14040.0,668037874,3
14060.0,196961377#0,1
14060.0,263217604#0,13
14060.0,668037874,3
14080.0,196961377#3,1
14080.0,263217604#0,13
14080.0,668037874,3
14100.0,196961377#3,1
14100.0,263217604#0,12
14100.0,668037874,3
14120.0,-593849724,1
14120.0,263217604#0,12
14120.0,668037874,3
14140.0,-593847704#2,1
14140.0,263217604#0,12
14140.0,668037874,3
14160.0,-593847704#2,1
14160.0,263217604#0,12
14160.0,668037874,3
14180.0,263217604#0,12
14180.0,668037874,3
14180.0,E0,1
14200.0,263217604#0,12
14200.0,668037874,3
14220.0,263217604#0,12
14220.0,668037874,3
14240.0,263217604#0,12
14240.0,668037874,3
14260.0,263217604#0,12
14260.0,668037874,3
14280.0,263217604#0,12
14280.0,668037874,3
14300.0,263217604#0,12
14300.0,668037874,3
14320.0,263217604#0,12
14320.0,668037874,3
14340.0,196961377#0,1
14340.0,263217604#0,12
14340.0,668037874,2
14360.0,196961377#0,1
14360.0,263217604#0,12
14360.0,668037874,3
14380.0,263217604#0,12
14380.0,593849721,1
14380.0,668037874,3
14400.0,-593847704#2,1
14400.0,263217604#0,11
14400.0,360843888,1
14400.0,668037874,3
14420.0,263217604#0,11
14420.0,668037874,3
14420.0,E0,1
14440.0,263217604#0,11
14440.0,668037874,3
14460.0,263217604#0,11
14460.0,668037874,3
14480.0,263217604#0,11
14480.0,668037874,3
14500.0,263217604#0,11
14500.0,668037874,3
14520.0,263217604#0,11
14520.0,668037874,3
14540.0,263217604#0,11
14540.0,668037874,3
14560.0,263217604#0,11
14560.0,668037874,3
14580.0,263217604#0,11
14580.0,668037874,3
14600.0,263217604#0,11
14600.0,668037874,3
14620.0,263217604#0,11
14620.0,668037874,3
14640.0,263217604#0,11
14640.0,668037874,3
14660.0,196961377#0,1
14660.0,263217604#0,11
14660.0,668037874,3
14680.0,196961377#3,1
14680.0,263217604#0,11
14680.0,668037874,3
14700.0,196961377#3,1
14700.0,263217604#0,10
14700.0,360843888,1
14700.0,668037874,3
14720.0,-593847704#2,1
14720.0,260881642#0,1
14720.0,263217604#0,10
14720.0,668037874,3
14740.0,263217604#0,10
14740.0,668037874,3
14760.0,263217604#0,10
14760.0,668037874,3
14780.0,263217604#0,10
14780.0,668037874,3
14800.0,263217604#0,10
14800.0,668037874,3
14820.0,263217604#0,10
14820.0,668037874,3
14840.0,263217604#0,10
14840.0,668037874,3
14860.0,263217604#0,10
14860.0,668037874,3
14880.0,263217604#0,10
14880.0,668037874,3
14900.0,263217604#0,10
14900.0,668037874,3
14920.0,263217604#0,10
14920.0,668037874,3
14940.0,263217604#0,10
14940.0,668037874,3
14960.0,196961377#0,1
14960.0,263217604#0,10
14960.0,668037874,3
14980.0,263217604#0,10
14980.0,668037874,3
14980.0,:619136999_2,1
15000.0,196961377#3,1
15000.0,263217604#0,9
15000.0,360843888,1
15000.0,668037874,3
15020.0,196961377#3,1
15020.0,263217604#0,9
15020.0,668037874,3
15040.0,-593849724,1
15040.0,263217604#0,9
15040.0,668037874,3
15060.0,-593847704#2,1
15060.0,263217604#0,9
15060.0,668037874,3
15080.0,-593847704#2,1
15080.0,263217604#0,9
15080.0,668037874,3
15100.0,-593847704#2,1
15100.0,263217604#0,9
15100.0,668037874,3
15120.0,263217604#0,9
15120.0,668037874,3
15120.0,E0,1
15140.0,263217604#0,9
15140.0,668037874,3
15160.0,263217604#0,9
15160.0,668037874,3
15180.0,263217604#0,9
15180.0,668037874,3
15200.0,263217604#0,9
15200.0,668037874,3
15220.0,263217604#0,9
15220.0,668037874,3
15240.0,263217604#0,9
15240.0,668037874,3
15260.0,196961377#0,1
15260.0,263217604#0,9
15260.0,668037874,3
15280.0,196961377#0,1
15280.0,263217604#0,9
15280.0,668037874,3
15300.0,-593849724,1
15300.0,263217604#0,8
15300.0,360843888,1
15300.0,668037874,3
15320.0,-593847704#2,1
15320.0,260881642#0,1
15320.0,263217604#0,8
15320.0,668037874,3
15340.0,-593847704#2,1
15340.0,263217604#0,8
15340.0,668037874,3
15360.0,263217604#0,8
15360.0,668037874,3
15360.0,E0,1
15380.0,263217604#0,8
15380.0,668037874,3
15400.0,263217604#0,8
15400.0,668037874,3
15420.0,263217604#0,8
15420.0,668037874,3
15440.0,263217604#0,8
15440.0,668037874,3
15460.0,263217604#0,8
15460.0,668037874,3
15480.0,263217604#0,8
15480.0,668037874,3
15500.0,263217604#0,8
15500.0,668037874,3
15520.0,263217604#0,8
15520.0,668037874,3
15540.0,263217604#0,8
15540.0,668037874,3
15560.0,196961377#0,1
15560.0,263217604#0,8
15560.0,668037874,2
15580.0,196961377#0,1
15580.0,263217604#0,8
15580.0,668037874,3
15600.0,196961377#3,1
15600.0,263217604#0,8
15600.0,668037874,3
15620.0,196961377#3,1
15620.0,263217604#0,7
15620.0,360843888,1
15620.0,668037874,3
15640.0,263217604#0,7
15640.0,593849711#2,1
15640.0,668037874,3
15660.0,263217604#0,7
15660.0,593849711#2,1
15660.0,668037874,3
15680.0,263217604#0,7
15680.0,593849711#2,1
15680.0,668037874,3
15700.0,1068440006#0,1
15700.0,263217604#0,7
15700.0,668037874,3
15720.0,263217604#0,7
15720.0,668037874,3
15740.0,263217604#0,7
15740.0,668037874,3
15760.0,263217604#0,7
15760.0,668037874,3
15780.0,263217604#0,7
15780.0,668037874,3
15800.0,263217604#0,7
15800.0,668037874,3
15820.0,263217604#0,7
15820.0,668037874,3
15840.0,263217604#0,7
15840.0,668037874,3
15860.0,263217604#0,7
15860.0,668037874,3
15880.0,196961377#0,1
15880.0,263217604#0,7
15880.0,668037874,3
15900.0,196961377#3,1
15900.0,263217604#0,7
15900.0,668037874,3
15920.0,196961377#3,1
15920.0,260881642#0,1
15920.0,263217604#0,6
15920.0,668037874,3
15940.0,196961377#3,1
15940.0,263217604#0,6
15940.0,668037874,3
15960.0,263217604#0,6
15960.0,593852346,1
15960.0,668037874,3
15980.0,-593847704#2,1
15980.0,263217604#0,6
15980.0,668037874,3
16000.0,-593847704#2,1
16000.0,263217604#0,6
16000.0,668037874,3
16020.0,-593847704#2,1
16020.0,263217604#0,6
16020.0,668037874,3
16040.0,-593847704#2,1
16040.0,263217604#0,6
16040.0,668037874,3
16060.0,263217604#0,6
16060.0,668037874,3
16060.0,E0,1
16080.0,263217604#0,6
16080.0,668037874,3
16100.0,263217604#0,6
16100.0,668037874,3
16120.0,263217604#0,6
16120.0,668037874,3
16140.0,263217604#0,6
16140.0,668037874,3
16160.0,263217604#0,6
16160.0,668037874,3
16180.0,196961377#0,1
16180.0,263217604#0,6
16180.0,668037874,3
16200.0,196961377#0,1
16200.0,263217604#0,6
16200.0,668037874,3
16220.0,263217604#0,5
16220.0,360843888,1
16220.0,668037874,3
16220.0,:622618197_1,1
16240.0,-593847704#2,1
16240.0,263217604#0,5
16240.0,668037874,3
16260.0,-593847704#2,1
16260.0,263217604#0,5
16260.0,668037874,3
16280.0,263217604#0,5
16280.0,668037874,3
16280.0,:3086736518_6,1
16300.0,263217604#0,5
16300.0,668037874,3
16320.0,263217604#0,5
16320.0,668037874,3
16340.0,263217604#0,5
16340.0,668037874,3
16360.0,263217604#0,5
16360.0,668037874,3
16380.0,263217604#0,5
16380.0,668037874,3
16400.0,263217604#0,5
16400.0,668037874,3
16420.0,263217604#0,5
16420.0,668037874,3
16440.0,263217604#0,5
16440.0,668037874,3
16460.0,263217604#0,5
16460.0,668037874,3
16480.0,196961377#0,1
16480.0,263217604#0,5
16480.0,668037874,3
16500.0,196961377#0,1
16500.0,263217604#0,5
16500.0,668037874,3
16520.0,196961377#3,1
16520.0,263217604#0,4
16520.0,360843888,1
16520.0,668037874,3
16540.0,196961377#3,1
16540.0,260881642#0,1
16540.0,263217604#0,4
16540.0,668037874,3
16560.0,-593847704#2,1
16560.0,263217604#0,4
16560.0,668037874,3
16580.0,-593847704#2,1
16580.0,263217604#0,4
16580.0,668037874,3
16600.0,263217604#0,4
16600.0,668037874,3
16600.0,E0,1
16620.0,263217604#0,4
16620.0,668037874,3
16640.0,263217604#0,4
16640.0,668037874,3
16660.0,263217604#0,4
16660.0,668037874,3
16680.0,263217604#0,4
16680.0,668037874,3
16700.0,263217604#0,4
16700.0,668037874,3
16720.0,263217604#0,4
16720.0,668037874,3
16740.0,263217604#0,4
16740.0,668037874,3
16760.0,263217604#0,4
16760.0,668037874,3
16780.0,196961377#0,1
16780.0,263217604#0,4
16780.0,668037874,2
16800.0,196961377#0,1
16800.0,263217604#0,4
16800.0,668037874,3
16820.0,196961377#3,1
16820.0,263217604#0,4
16820.0,668037874,3
16840.0,196961377#3,1
16840.0,263217604#0,3
16840.0,668037874,3
16860.0,196961377#3,1
16860.0,263217604#0,3
16860.0,668037874,3
16880.0,-593849724,1
16880.0,263217604#0,3
16880.0,668037874,3
16900.0,-593847704#2,1
16900.0,263217604#0,3
16900.0,668037874,3
16920.0,263217604#0,3
16920.0,593847703#0,1
16920.0,668037874,3
16940.0,263217604#0,3
16940.0,668037874,3
16960.0,263217604#0,3
16960.0,668037874,3
16980.0,263217604#0,3
16980.0,668037874,3
17000.0,263217604#0,3
17000.0,668037874,3
17020.0,263217604#0,3
17020.0,668037874,3
17040.0,263217604#0,3
17040.0,668037874,3
17060.0,263217604#0,3
17060.0,668037874,3
17080.0,263217604#0,3
17080.0,668037874,3
17100.0,196961377#0,1
17100.0,263217604#0,3
17100.0,668037874,3
17120.0,196961377#0,1
17120.0,263217604#0,3
17120.0,668037874,3
17140.0,260881642#0,1
17140.0,263217604#0,2
17140.0,593849721,1
17140.0,668037874,3
17160.0,263217604#0,2
17160.0,593852345#0,1
17160.0,668037874,3
17180.0,263217604#0,2
17180.0,668037874,3
17180.0,:cluster_3431431575_4777363357_655375231_6982059025_0,1
17200.0,1068440001,1
17200.0,263217604#0,2
17200.0,668037874,3
17220.0,1239087513,1
17220.0,263217604#0,2
17220.0,668037874,3
17240.0,1239087513,1
17240.0,263217604#0,2
17240.0,668037874,3
17260.0,263217604#0,2
17260.0,668037874,3
17280.0,263217604#0,2
17280.0,668037874,3
17300.0,263217604#0,2
17300.0,668037874,3
17320.0,263217604#0,2
17320.0,668037874,3
17340.0,263217604#0,2
17340.0,668037874,3
17360.0,263217604#0,2
17360.0,668037874,3
17380.0,263217604#0,2
17380.0,668037874,3
17400.0,196961377#0,1
17400.0,263217604#0,2
17400.0,668037874,3
17420.0,196961377#0,1
17420.0,263217604#0,2
17420.0,668037874,3
17440.0,196961377#3,1
17440.0,263217604#0,1
17440.0,360843888,1
17440.0,668037874,3
17460.0,196961377#3,1
17460.0,263217604#0,1
17460.0,668037874,3
17480.0,-593847704#2,1
17480.0,263217604#0,1
17480.0,668037874,3
17500.0,-593847704#2,1
17500.0,263217604#0,1
17500.0,668037874,3
17520.0,-593847704#2,1
17520.0,263217604#0,1
17520.0,668037874,3
17540.0,263217604#0,1
17540.0,668037874,3
17540.0,E0,1
17560.0,263217604#0,1
17560.0,668037874,3
17580.0,263217604#0,1
17580.0,668037874,3
17600.0,263217604#0,1
17600.0,668037874,3
17620.0,263217604#0,1
17620.0,668037874,3
17640.0,263217604#0,1
17640.0,668037874,3
17660.0,263217604#0,1
17660.0,668037874,3
17680.0,263217604#0,1
17680.0,668037874,3
17700.0,196961377#0,1
17700.0,263217604#0,1
17700.0,668037874,3
17720.0,196961377#0,1
17720.0,263217604#0,1
17720.0,668037874,3
17740.0,196961377#3,1
17740.0,360843888,1
17740.0,668037874,3
17760.0,196961377#3,1
17760.0,668037874,3
17780.0,196961377#3,1
17780.0,668037874,3
17800.0,-593849724,1
17800.0,668037874,3
17820.0,-593847704#2,1
17820.0,668037874,3
17840.0,-593847704#2,1
17840.0,668037874,3
17860.0,668037874,3
17880.0,668037874,3
17900.0,668037874,3
17920.0,668037874,3
17940.0,668037874,3
17960.0,668037874,3
17980.0,668037874,3
18000.0,196961377#0,1
18000.0,668037874,2
18020.0,196961377#0,1
18020.0,668037874,3
18040.0,668037874,3
18040.0,:619136999_2,1
18060.0,668037874,3
18060.0,:622618015_3,1
18080.0,593849711#2,1
18080.0,668037874,3
18100.0,593849711#2,1
18100.0,668037874,3
18120.0,668037874,3
18120.0,:655375232_4,1
18140.0,668037874,3
18160.0,668037874,3
18180.0,668037874,3
18200.0,668037874,3
18220.0,668037874,3
18240.0,668037874,3
18260.0,668037874,3
18280.0,668037874,3
18300.0,668037874,3
18320.0,196961377#0,1
18320.0,668037874,3
18340.0,196961377#0,1
18340.0,668037874,3
18360.0,196961377#3,1
18360.0,668037874,3
18380.0,196961377#3,1
18380.0,668037874,3
18400.0,-593847704#2,1
18400.0,668037874,3
18420.0,-593847704#2,1
18420.0,668037874,3
18440.0,-593847704#2,1
18440.0,668037874,3
18460.0,-593847704#2,1
18460.0,668037874,3
18480.0,668037874,3
18480.0,E0,1
18500.0,668037874,3
18520.0,668037874,3
18540.0,668037874,3
18560.0,668037874,3
18580.0,668037874,3
18600.0,668037874,3
18620.0,196961377#0,1
18620.0,668037874,3
18640.0,196961377#0,1
18640.0,668037874,3
18660.0,196961377#3,1
18660.0,668037874,3
18680.0,196961377#3,1
18680.0,668037874,3
18700.0,196961377#3,1
18700.0,668037874,3
18720.0,668037874,3
18720.0,:622618015_3,1
18740.0,593849711#2,1
18740.0,668037874,3
18760.0,668037874,3
18760.0,E0,1
18780.0,668037874,3
18800.0,668037874,3
18820.0,668037874,3
18840.0,668037874,3
18860.0,668037874,3
18880.0,668037874,3
18900.0,668037874,3
18920.0,196961377#0,1
18920.0,668037874,3
18940.0,196961377#0,1
18940.0,668037874,3
18960.0,196961377#3,1
18960.0,668037874,3
18980.0,196961377#3,1
18980.0,668037874,3
19000.0,593852346,1
19000.0,668037874,3
19020.0,593849711#2,1
19020.0,668037874,3
19040.0,593849711#2,1
19040.0,668037874,3
19060.0,668037874,3
19060.0,E0,1
19080.0,668037874,3
19100.0,668037874,3
19120.0,668037874,3
19140.0,668037874,3
19160.0,668037874,3
19180.0,668037874,3
19200.0,668037874,3
19220.0,668037874,3
19240.0,196961377#0,1
19240.0,668037874,3
19260.0,196961377#0,1
19260.0,668037874,3
19280.0,196961377#3,1
19280.0,668037874,3
19300.0,196961377#3,1
19300.0,668037874,3
19320.0,593852346,1
19320.0,668037874,3
19340.0,593849711#2,1
19340.0,668037874,3
19360.0,593849711#2,1
19360.0,668037874,3
19380.0,1068440006#0,1
19380.0,668037874,3
19400.0,668037874,3
19420.0,668037874,3
19440.0,668037874,3
19460.0,668037874,3
19480.0,668037874,3
19500.0,668037874,3
19520.0,668037874,3
19540.0,196961377#0,1
19540.0,668037874,2
19560.0,196961377#0,1
19560.0,668037874,2
19580.0,668037874,2
19580.0,:622618197_1,1
19600.0,-593847704#2,1
19600.0,668037874,2
19620.0,-593847704#2,1
19620.0,668037874,2
19640.0,668037874,2
19640.0,:3086736518_6,1
19660.0,668037874,2
19680.0,668037874,2
19700.0,668037874,2
19720.0,668037874,2
19740.0,668037874,2
19760.0,668037874,2
19780.0,668037874,2
19800.0,668037874,2
19820.0,668037874,2
19840.0,196961377#0,1
19840.0,668037874,1
19860.0,196961377#3,1
19860.0,668037874,1
19880.0,196961377#3,1
19880.0,668037874,1
19900.0,196961377#3,1
19900.0,668037874,1
19920.0,668037874,1
19920.0,:622618230_3,1
19940.0,593849711#2,1
19940.0,668037874,1
19960.0,593849711#2,1
19960.0,668037874,1
19980.0,593849711#2,1
19980.0,668037874,1
20000.0,668037874,1
20000.0,E0,1
20020.0,668037874,1
20040.0,668037874,1
20060.0,668037874,1
20080.0,668037874,1
20100.0,668037874,1
20120.0,668037874,1
20140.0,196961377#0,1
20160.0,196961377#3,1
20180.0,593849711#0,1
20200.0,593849711#2,1
20220.0,593849711#2,1
20240.0,1068440006#0,1
