<?xml version="1.0" encoding="UTF-8"?>

<!-- generated on 2025-09-23 23:41:32.160884 by osmWebWizard.py v1_24_0+0000-b72eb3fabc8
<configuration>
    <net-file value="C:\Users\User\2025-09-23-23-41-00\osm.net.xml.gz"/>
    <output-trip-file value="C:\Users\User\2025-09-23-23-41-00\osm.passenger.trips.xml"/>
    <route-file value="C:\Users\User\2025-09-23-23-41-00\osm.passenger.rou.xml"/>
    <prefix value="veh"/>
    <trip-attributes value="departLane=&quot;best&quot;"/>
    <fringe-start-attributes value="departSpeed=&quot;max&quot;"/>
    <vehicle-class value="passenger"/>
    <lanes value="True"/>
    <fringe-factor value="5"/>
    <allow-fringe.min-length value="1000.0"/>
    <edge-permission value="passenger"/>
    <via-edge-types value="highway.motorway,highway.motorway_link,highway.trunk_link,highway.primary_link,highway.secondary_link,highway.tertiary_link"/>
    <min-distance value="300.0"/>
    <min-distance.fringe value="10.0"/>
    <remove-loops value="True"/>
    <insertion-density value="12.0"/>
</configuration>
-->

<routes xmlns:xsi="http://www.w3.org/2001/XMLSchema-instance" xsi:noNamespaceSchemaLocation="http://sumo.dlr.de/xsd/routes_file.xsd">
    <vType id="veh_passenger" vClass="passenger"/>
    <trip id="veh0" depart="0.00" from="49695733#0" to="-49695726" departLane="best" type="veh_passenger"/>
    <trip id="veh1" depart="9.04" from="506322856" to="506322846#0" departLane="best" type="veh_passenger"/>
    <trip id="veh2" depart="18.08" from="593852343" to="1068439999#0" departLane="best" type="veh_passenger" departSpeed="max"/>
    <trip id="veh3" depart="27.12" from="268564473#0" to="-49695726" departLane="best" type="veh_passenger" departSpeed="max"/>
    <trip id="veh4" depart="36.16" from="182334378#0" to="288878927" departLane="best" type="veh_passenger"/>
    <trip id="veh5" depart="45.20" from="49695736#0" to="35274074#0" departLane="best" type="veh_passenger"/>
    <trip id="veh6" depart="54.24" from="182334378#0" to="49073264#0" departLane="best" type="veh_passenger"/>
    <trip id="veh7" depart="63.28" from="545977624#0" to="-1334905225" departLane="best" type="veh_passenger"/>
    <trip id="veh8" depart="72.32" from="51392936#0" to="506322847#0" departLane="best" type="veh_passenger"/>
    <trip id="veh9" depart="81.36" from="1068234498#0" to="1068439999#1" departLane="best" type="veh_passenger"/>
    <trip id="veh10" depart="90.40" from="593847700" to="49073272#3" departLane="best" type="veh_passenger"/>
    <trip id="veh11" depart="99.44" from="51392936#0" to="506322853#0" departLane="best" type="veh_passenger"/>
    <trip id="veh12" depart="108.48" from="252657375" to="353392316#0" departLane="best" type="veh_passenger" departSpeed="max"/>
    <trip id="veh13" depart="117.52" from="593844216#0" to="49695733#2" departLane="best" type="veh_passenger"/>
    <trip id="veh14" depart="126.56" from="506322848#0" to="-51362368" departLane="best" type="veh_passenger"/>
    <trip id="veh15" depart="135.60" from="-593847703#3" to="196961377#3" departLane="best" type="veh_passenger"/>
    <trip id="veh16" depart="144.64" from="1068234499#0" to="196961379#0" departLane="best" type="veh_passenger"/>
    <trip id="veh17" depart="153.68" from="252657375" to="186602412#0" departLane="best" type="veh_passenger" departSpeed="max"/>
    <trip id="veh18" depart="162.72" from="196961215#0" to="668037874" departLane="best" type="veh_passenger" departSpeed="max"/>
    <trip id="veh19" depart="171.77" from="49695736#0" to="49073272#4" departLane="best" type="veh_passenger"/>
    <trip id="veh20" depart="180.81" from="1079151555" to="506322853#0" departLane="best" type="veh_passenger" departSpeed="max"/>
    <trip id="veh21" depart="189.85" from="910567293" to="506322840#0" departLane="best" type="veh_passenger" departSpeed="max"/>
    <trip id="veh22" depart="198.89" from="353392316#0" to="506322846#2" departLane="best" type="veh_passenger"/>
    <trip id="veh23" depart="207.93" from="182334379#0" to="-49695726" departLane="best" type="veh_passenger"/>
    <trip id="veh24" depart="216.97" from="244450512#0" to="196961379#0" departLane="best" type="veh_passenger" departSpeed="max"/>
    <trip id="veh25" depart="226.01" from="49710834" to="260152357" departLane="best" type="veh_passenger" departSpeed="max"/>
    <trip id="veh26" depart="235.05" from="668037874" to="288135628#0" departLane="best" type="veh_passenger"/>
    <trip id="veh27" depart="244.09" from="360843888" to="196961379#0" departLane="best" type="veh_passenger"/>
    <trip id="veh28" depart="253.13" from="252657375" to="186602412#0" departLane="best" type="veh_passenger" departSpeed="max"/>
    <trip id="veh29" depart="262.17" from="910567294" to="300077497#0" departLane="best" type="veh_passenger"/>
    <trip id="veh30" depart="271.21" from="1068234498#0" to="-51362429#1" departLane="best" type="veh_passenger"/>
    <trip id="veh31" depart="280.25" from="1068439999#0" to="49710833" departLane="best" type="veh_passenger"/>
    <trip id="veh32" depart="289.29" from="51362368" to="261898534" departLane="best" type="veh_passenger" departSpeed="max"/>
    <trip id="veh33" depart="298.33" from="910567294" to="303647015#0" departLane="best" type="veh_passenger"/>
    <trip id="veh34" depart="307.37" from="-186602412#3" to="506322851#2" departLane="best" type="veh_passenger" departSpeed="max"/>
    <trip id="veh35" depart="316.41" from="506322844#0" to="303647015#0" departLane="best" type="veh_passenger"/>
    <trip id="veh36" depart="325.45" from="196961215#0" to="506322840#0" departLane="best" type="veh_passenger" departSpeed="max"/>
    <trip id="veh37" depart="334.49" from="297213521#0" to="182334378#0" departLane="best" type="veh_passenger" departSpeed="max"/>
    <trip id="veh38" depart="343.53" from="594658762#0" to="593847705" departLane="best" type="veh_passenger"/>
    <trip id="veh39" depart="352.57" from="238526531#0" to="506322840#0" departLane="best" type="veh_passenger"/>
    <trip id="veh40" depart="361.61" from="49073272#0" to="1334904387" departLane="best" type="veh_passenger"/>
    <trip id="veh41" depart="370.65" from="-1334905223#2" to="244450512#5" departLane="best" type="veh_passenger"/>
    <trip id="veh42" depart="379.69" from="-186602412#3" to="594658760#0" departLane="best" type="veh_passenger" departSpeed="max"/>
    <trip id="veh43" depart="388.73" from="593849715" to="593842812#2" departLane="best" type="veh_passenger"/>
    <trip id="veh44" depart="397.77" from="-593847705" to="288135628#0" departLane="best" type="veh_passenger"/>
    <trip id="veh45" depart="406.81" from="288878927" to="353392316#0" departLane="best" type="veh_passenger"/>
    <trip id="veh46" depart="415.85" from="196961215#0" to="593847705" departLane="best" type="veh_passenger" departSpeed="max"/>
    <trip id="veh47" depart="424.89" from="268564473#0" to="186602412#0" departLane="best" type="veh_passenger" departSpeed="max"/>
    <trip id="veh48" depart="433.93" from="30620492#0" to="506322853#0" departLane="best" type="veh_passenger" departSpeed="max"/>
    <trip id="veh49" depart="442.97" from="910567294" to="506322841#3" departLane="best" type="veh_passenger"/>
    <trip id="veh50" depart="452.01" from="268564473#0" to="303647015#0" departLane="best" type="veh_passenger" departSpeed="max"/>
    <trip id="veh51" depart="461.05" from="1068439999#1" to="196961215#2" departLane="best" type="veh_passenger"/>
    <trip id="veh52" depart="470.09" from="244450512#1" to="49073264#0" departLane="best" type="veh_passenger"/>
    <trip id="veh53" depart="479.13" from="182334379#0" to="186602412#0" departLane="best" type="veh_passenger"/>
    <trip id="veh54" depart="488.17" from="-51392846#1" to="49710833" departLane="best" type="veh_passenger" departSpeed="max"/>
    <trip id="veh55" depart="497.21" from="182334379#0" to="593849718#0" departLane="best" type="veh_passenger"/>
    <trip id="veh56" depart="506.25" from="593847703#0" to="1068234498#0" departLane="best" type="veh_passenger"/>
    <trip id="veh57" depart="515.30" from="196961215#0" to="506322842#0" departLane="best" type="veh_passenger" departSpeed="max"/>
    <trip id="veh58" depart="524.34" from="1334905225" to="1132431808" departLane="best" type="veh_passenger"/>
    <trip id="veh59" depart="533.38" from="51392936#0" to="182334379#0" departLane="best" type="veh_passenger"/>
    <trip id="veh60" depart="542.42" from="1068234499#0" to="263217603#0" departLane="best" type="veh_passenger"/>
    <trip id="veh61" depart="551.46" from="268564473#0" to="288135628#0" departLane="best" type="veh_passenger" departSpeed="max"/>
    <trip id="veh62" depart="560.50" from="506322853#0" to="506322846#0" departLane="best" type="veh_passenger"/>
    <trip id="veh63" depart="569.54" from="910567293" to="1068439999#1" departLane="best" type="veh_passenger" departSpeed="max"/>
    <trip id="veh64" depart="578.58" from="593847703#0" to="196961379#0" departLane="best" type="veh_passenger"/>
    <trip id="veh65" depart="587.62" from="1239087512" to="288135628#0" departLane="best" type="veh_passenger"/>
    <trip id="veh66" depart="596.66" from="196961215#0" to="594658758" departLane="best" type="veh_passenger" departSpeed="max"/>
    <trip id="veh67" depart="605.70" from="35274074#0" to="-51362429#1" departLane="best" type="veh_passenger"/>
    <trip id="veh68" depart="614.74" from="910567294" to="593844216#0" departLane="best" type="veh_passenger"/>
    <trip id="veh69" depart="623.78" from="593847700" to="1334905223#0" departLane="best" type="veh_passenger"/>
    <trip id="veh70" depart="632.82" from="297213521#0" to="186602412#0" departLane="best" type="veh_passenger" departSpeed="max"/>
    <trip id="veh71" depart="641.86" from="252657375" to="-593847703#3" departLane="best" type="veh_passenger" departSpeed="max"/>
    <trip id="veh72" depart="650.90" from="252657375" to="910567291" departLane="best" type="veh_passenger" departSpeed="max"/>
    <trip id="veh73" depart="659.94" from="196961215#0" to="51362359#0" departLane="best" type="veh_passenger" departSpeed="max"/>
    <trip id="veh74" depart="668.98" from="268564473#0" to="261898534" departLane="best" type="veh_passenger" departSpeed="max"/>
    <trip id="veh75" depart="678.02" from="1079151555" to="238526531#0" departLane="best" type="veh_passenger" departSpeed="max"/>
    <trip id="veh76" depart="687.06" from="30620492#0" to="506322857#0" departLane="best" type="veh_passenger" departSpeed="max"/>
    <trip id="veh77" depart="696.10" from="-51362429#1" to="49073264#0" departLane="best" type="veh_passenger"/>
    <trip id="veh78" depart="705.14" from="297213521#0" to="593847700" departLane="best" type="veh_passenger" departSpeed="max"/>
    <trip id="veh79" depart="714.18" from="49073247#0" to="506322846#0" departLane="best" type="veh_passenger" departSpeed="max"/>
    <trip id="veh80" depart="723.22" from="49073226#2" to="49695736#0" departLane="best" type="veh_passenger"/>
    <trip id="veh81" depart="732.26" from="263217604#0" to="49073264#0" departLane="best" type="veh_passenger"/>
    <trip id="veh82" depart="741.30" from="297213521#0" to="668037874" departLane="best" type="veh_passenger" departSpeed="max"/>
    <trip id="veh83" depart="750.34" from="1334904387" to="506322851#0" departLane="best" type="veh_passenger"/>
    <trip id="veh84" depart="759.38" from="196961215#0" to="260152357" departLane="best" type="veh_passenger" departSpeed="max"/>
    <trip id="veh85" depart="768.42" from="244450512#0" to="506322858" departLane="best" type="veh_passenger" departSpeed="max"/>
    <trip id="veh86" depart="777.46" from="-51392846#1" to="288135628#0" departLane="best" type="veh_passenger" departSpeed="max"/>
    <trip id="veh87" depart="786.50" from="-51392846#1" to="186602412#0" departLane="best" type="veh_passenger" departSpeed="max"/>
    <trip id="veh88" depart="795.54" from="196961215#0" to="594658762#0" departLane="best" type="veh_passenger" departSpeed="max"/>
    <trip id="veh89" depart="804.58" from="252657375" to="1334904387" departLane="best" type="veh_passenger" departSpeed="max"/>
    <trip id="veh90" depart="813.62" from="593844216#0" to="506322847#0" departLane="best" type="veh_passenger"/>
    <trip id="veh91" depart="822.66" from="49710834" to="-182336886" departLane="best" type="veh_passenger" departSpeed="max"/>
    <trip id="veh92" depart="831.70" from="593842812#0" to="238526531#0" departLane="best" type="veh_passenger"/>
    <trip id="veh93" depart="840.74" from="506322840#0" to="668037874" departLane="best" type="veh_passenger"/>
    <trip id="veh94" depart="849.79" from="1068439999#0" to="353392316#0" departLane="best" type="veh_passenger"/>
    <trip id="veh95" depart="858.83" from="506322851#2" to="182336887#2" departLane="best" type="veh_passenger"/>
    <trip id="veh96" depart="867.87" from="49695726" to="196961379#0" departLane="best" type="veh_passenger" departSpeed="max"/>
    <trip id="veh97" depart="876.91" from="297213521#0" to="593849718#0" departLane="best" type="veh_passenger" departSpeed="max"/>
    <trip id="veh98" depart="885.95" from="-1334905224" to="51289045#7" departLane="best" type="veh_passenger"/>
    <trip id="veh99" depart="894.99" from="49695726" to="196961379#0" departLane="best" type="veh_passenger" departSpeed="max"/>
    <trip id="veh100" depart="904.03" from="506322857#0" to="353392316#0" departLane="best" type="veh_passenger"/>
    <trip id="veh101" depart="913.07" from="268564473#0" to="-182336886" departLane="best" type="veh_passenger" departSpeed="max"/>
    <trip id="veh102" depart="922.11" from="-545977624#2" to="593849711#2" departLane="best" type="veh_passenger"/>
    <trip id="veh103" depart="931.15" from="594658758" to="35274074#0" departLane="best" type="veh_passenger"/>
    <trip id="veh104" depart="940.19" from="593844216#0" to="49073264#0" departLane="best" type="veh_passenger"/>
    <trip id="veh105" depart="949.23" from="593852346" to="186602412#0" departLane="best" type="veh_passenger"/>
    <trip id="veh106" depart="958.27" from="196961215#0" to="1068440001" departLane="best" type="veh_passenger" departSpeed="max"/>
    <trip id="veh107" depart="967.31" from="252657376" to="49695736#0" departLane="best" type="veh_passenger"/>
    <trip id="veh108" depart="976.35" from="-300077497#5" to="506322856" departLane="best" type="veh_passenger"/>
    <trip id="veh109" depart="985.39" from="51362431" to="593847702#3" departLane="best" type="veh_passenger"/>
    <trip id="veh110" depart="994.43" from="593842812#0" to="196961379#0" departLane="best" type="veh_passenger"/>
    <trip id="veh111" depart="1003.47" from="51362368" to="1068440004#0" departLane="best" type="veh_passenger" departSpeed="max"/>
    <trip id="veh112" depart="1012.51" from="288135626#0" to="241518668#0" departLane="best" type="veh_passenger"/>
    <trip id="veh113" depart="1021.55" from="244450512#0" to="593847703#0" departLane="best" type="veh_passenger" departSpeed="max"/>
    <trip id="veh114" depart="1030.59" from="49695733#0" to="260152357" departLane="best" type="veh_passenger"/>
    <trip id="veh115" depart="1039.63" from="49073247#0" to="300077497#6" departLane="best" type="veh_passenger" departSpeed="max"/>
    <trip id="veh116" depart="1048.67" from="252657375" to="49073226#2" departLane="best" type="veh_passenger" departSpeed="max"/>
    <trip id="veh117" depart="1057.71" from="196961215#0" to="506322848#0" departLane="best" type="veh_passenger" departSpeed="max"/>
    <trip id="veh118" depart="1066.75" from="-1334905223#2" to="594658759" departLane="best" type="veh_passenger"/>
    <trip id="veh119" depart="1075.79" from="30620492#0" to="506322851#2" departLane="best" type="veh_passenger" departSpeed="max"/>
    <trip id="veh120" depart="1084.83" from="506322857#0" to="506322844#0" departLane="best" type="veh_passenger"/>
    <trip id="veh121" depart="1093.87" from="506322851#2" to="238526531#0" departLane="best" type="veh_passenger"/>
    <trip id="veh122" depart="1102.91" from="241518668#0" to="260881642#0" departLane="best" type="veh_passenger"/>
    <trip id="veh123" depart="1111.95" from="252657375" to="232003903#0" departLane="best" type="veh_passenger" departSpeed="max"/>
    <trip id="veh124" depart="1120.99" from="1068440004#0" to="261898534" departLane="best" type="veh_passenger"/>
    <trip id="veh125" depart="1130.03" from="594658758" to="49695733#0" departLane="best" type="veh_passenger"/>
    <trip id="veh126" depart="1139.07" from="-1334905223#2" to="232003903#0" departLane="best" type="veh_passenger"/>
    <trip id="veh127" depart="1148.11" from="49710834" to="288135628#0" departLane="best" type="veh_passenger" departSpeed="max"/>
    <trip id="veh128" depart="1157.15" from="268564473#0" to="186602412#0" departLane="best" type="veh_passenger" departSpeed="max"/>
    <trip id="veh129" depart="1166.19" from="51362429#0" to="1334905223#0" departLane="best" type="veh_passenger"/>
    <trip id="veh130" depart="1175.23" from="-593847705" to="303647015#0" departLane="best" type="veh_passenger"/>
    <trip id="veh131" depart="1184.27" from="593842812#0" to="506322858" departLane="best" type="veh_passenger"/>
    <trip id="veh132" depart="1193.32" from="1334904386#0" to="-49695726" departLane="best" type="veh_passenger"/>
    <trip id="veh133" depart="1202.36" from="196961215#0" to="288135628#0" departLane="best" type="veh_passenger" departSpeed="max"/>
    <trip id="veh134" depart="1211.40" from="593847700" to="1068234498#0" departLane="best" type="veh_passenger"/>
    <trip id="veh135" depart="1220.44" from="263217603#0" to="49710833" departLane="best" type="veh_passenger"/>
    <trip id="veh136" depart="1229.48" from="1239087513" to="506322847#0" departLane="best" type="veh_passenger"/>
    <trip id="veh137" depart="1238.52" from="297213521#0" to="196961378#1" departLane="best" type="veh_passenger" departSpeed="max"/>
    <trip id="veh138" depart="1247.56" from="49710834" to="-1334905225" departLane="best" type="veh_passenger" departSpeed="max"/>
    <trip id="veh139" depart="1256.60" from="506322858" to="51289045#7" departLane="best" type="veh_passenger"/>
    <trip id="veh140" depart="1265.64" from="1068439999#0" to="261898534" departLane="best" type="veh_passenger"/>
    <trip id="veh141" depart="1274.68" from="297213521#0" to="-51362429#1" departLane="best" type="veh_passenger" departSpeed="max"/>
    <trip id="veh142" depart="1283.72" from="196961215#0" to="593844221#0" departLane="best" type="veh_passenger" departSpeed="max"/>
    <trip id="veh143" depart="1292.76" from="506322840#0" to="910567291" departLane="best" type="veh_passenger"/>
    <trip id="veh144" depart="1301.80" from="506322851#2" to="288878927" departLane="best" type="veh_passenger"/>
    <trip id="veh145" depart="1310.84" from="593844216#0" to="353392316#0" departLane="best" type="veh_passenger"/>
    <trip id="veh146" depart="1319.88" from="593852346" to="506322857#0" departLane="best" type="veh_passenger"/>
    <trip id="veh147" depart="1328.92" from="51289045#3" to="303647015#0" departLane="best" type="veh_passenger"/>
    <trip id="veh148" depart="1337.96" from="196961215#2" to="244450512#4" departLane="best" type="veh_passenger"/>
    <trip id="veh149" depart="1347.00" from="30620492#0" to="1239087512" departLane="best" type="veh_passenger" departSpeed="max"/>
    <trip id="veh150" depart="1356.04" from="182334379#0" to="506322847#0" departLane="best" type="veh_passenger"/>
    <trip id="veh151" depart="1365.08" from="506322848#0" to="-593847705" departLane="best" type="veh_passenger"/>
    <trip id="veh152" depart="1374.12" from="259080307#0" to="336063376#0" departLane="best" type="veh_passenger"/>
    <trip id="veh153" depart="1383.16" from="263217604#0" to="593849718#0" departLane="best" type="veh_passenger"/>
    <trip id="veh154" depart="1392.20" from="484988952#0" to="506322847#0" departLane="best" type="veh_passenger"/>
    <trip id="veh155" depart="1401.24" from="593847702#3" to="51289045#7" departLane="best" type="veh_passenger"/>
    <trip id="veh156" depart="1410.28" from="252657375" to="-1334905225" departLane="best" type="veh_passenger" departSpeed="max"/>
    <trip id="veh157" depart="1419.32" from="244450513#0" to="506322858" departLane="best" type="veh_passenger"/>
    <trip id="veh158" depart="1428.36" from="263217603#0" to="506322857#0" departLane="best" type="veh_passenger"/>
    <trip id="veh159" depart="1437.40" from="182334378#0" to="186602412#0" departLane="best" type="veh_passenger"/>
    <trip id="veh160" depart="1446.44" from="268564473#0" to="-49695726" departLane="best" type="veh_passenger" departSpeed="max"/>
    <trip id="veh161" depart="1455.48" from="244450512#1" to="506322846#0" departLane="best" type="veh_passenger"/>
    <trip id="veh162" depart="1464.52" from="252657376" to="1334905223#0" departLane="best" type="veh_passenger"/>
    <trip id="veh163" depart="1473.56" from="288878926#0" to="1132431808" departLane="best" type="veh_passenger"/>
    <trip id="veh164" depart="1482.60" from="49073272#4" to="-49695726" departLane="best" type="veh_passenger"/>
    <trip id="veh165" depart="1491.64" from="1068440005" to="288135628#0" departLane="best" type="veh_passenger"/>
    <trip id="veh166" depart="1500.68" from="-506322847#4" to="260152357" departLane="best" type="veh_passenger" departSpeed="max"/>
    <trip id="veh167" depart="1509.72" from="51285123" to="260152357" departLane="best" type="veh_passenger" departSpeed="max"/>
    <trip id="veh168" depart="1518.76" from="196961215#0" to="1068234499#0" departLane="best" type="veh_passenger" departSpeed="max"/>
    <trip id="veh169" depart="1527.81" from="49710834" to="506322858" departLane="best" type="veh_passenger" departSpeed="max"/>
    <trip id="veh170" depart="1536.85" from="-186602412#3" to="1334904387" departLane="best" type="veh_passenger" departSpeed="max"/>
    <trip id="veh171" depart="1545.89" from="1068440001" to="506322842#0" departLane="best" type="veh_passenger"/>
    <trip id="veh172" depart="1554.93" from="360843891" to="186602412#0" departLane="best" type="veh_passenger"/>
    <trip id="veh173" depart="1563.97" from="506322846#2" to="51289045#7" departLane="best" type="veh_passenger"/>
    <trip id="veh174" depart="1573.01" from="1079151555" to="49073272#4" departLane="best" type="veh_passenger" departSpeed="max"/>
    <trip id="veh175" depart="1582.05" from="506322858" to="1068440005" departLane="best" type="veh_passenger"/>
    <trip id="veh176" depart="1591.09" from="1068439999#0" to="-49695726" departLane="best" type="veh_passenger"/>
    <trip id="veh177" depart="1600.13" from="244450512#0" to="506322846#0" departLane="best" type="veh_passenger" departSpeed="max"/>
    <trip id="veh178" depart="1609.17" from="506322846#0" to="49710833" departLane="best" type="veh_passenger"/>
    <trip id="veh179" depart="1618.21" from="1068234499#0" to="51289045#7" departLane="best" type="veh_passenger"/>
    <trip id="veh180" depart="1627.25" from="1068439999#1" to="910567291" departLane="best" type="veh_passenger"/>
    <trip id="veh181" depart="1636.29" from="268564473#0" to="252657376" departLane="best" type="veh_passenger" departSpeed="max"/>
    <trip id="veh182" depart="1645.33" from="49695726" to="593842812#2" departLane="best" type="veh_passenger" departSpeed="max"/>
    <trip id="veh183" depart="1654.37" from="506322848#0" to="263217604#0" departLane="best" type="veh_passenger"/>
    <trip id="veh184" depart="1663.41" from="30620492#0" to="288135628#0" departLane="best" type="veh_passenger" departSpeed="max"/>
    <trip id="veh185" depart="1672.45" from="268564473#0" to="506322853#0" departLane="best" type="veh_passenger" departSpeed="max"/>
    <trip id="veh186" depart="1681.49" from="196961215#0" to="593844221#0" departLane="best" type="veh_passenger" departSpeed="max"/>
    <trip id="veh187" depart="1690.53" from="288135626#0" to="49073272#4" departLane="best" type="veh_passenger"/>
    <trip id="veh188" depart="1699.57" from="252657375" to="-49695726" departLane="best" type="veh_passenger" departSpeed="max"/>
    <trip id="veh189" depart="1708.61" from="244450512#4" to="593849711#2" departLane="best" type="veh_passenger"/>
    <trip id="veh190" depart="1717.65" from="506322846#2" to="196961379#0" departLane="best" type="veh_passenger"/>
    <trip id="veh191" depart="1726.69" from="-593847705" to="506322851#2" departLane="best" type="veh_passenger"/>
    <trip id="veh192" depart="1735.73" from="297213521#0" to="51289045#3" departLane="best" type="veh_passenger" departSpeed="max"/>
    <trip id="veh193" depart="1744.77" from="1068234498#0" to="196961215#2" departLane="best" type="veh_passenger"/>
    <trip id="veh194" depart="1753.81" from="506322846#0" to="241518668#0" departLane="best" type="veh_passenger"/>
    <trip id="veh195" depart="1762.85" from="484988951#0" to="288135628#0" departLane="best" type="veh_passenger"/>
    <trip id="veh196" depart="1771.89" from="303647013" to="261898534" departLane="best" type="veh_passenger"/>
    <trip id="veh197" depart="1780.93" from="506322848#0" to="196961379#0" departLane="best" type="veh_passenger"/>
    <trip id="veh198" depart="1789.97" from="196961215#0" to="1068440006#0" departLane="best" type="veh_passenger" departSpeed="max"/>
    <trip id="veh199" depart="1799.01" from="30620492#0" to="51289045#5" departLane="best" type="veh_passenger" departSpeed="max"/>
    <trip id="veh200" depart="1808.05" from="1132431141" to="186602412#0" departLane="best" type="veh_passenger" departSpeed="max"/>
    <trip id="veh201" depart="1817.09" from="297213521#0" to="506322851#2" departLane="best" type="veh_passenger" departSpeed="max"/>
    <trip id="veh202" depart="1826.13" from="196961377#3" to="1068439999#1" departLane="best" type="veh_passenger"/>
    <trip id="veh203" depart="1835.17" from="1239087512" to="196961215#2" departLane="best" type="veh_passenger"/>
    <trip id="veh204" depart="1844.21" from="1132431141" to="-300077497#5" departLane="best" type="veh_passenger" departSpeed="max"/>
    <trip id="veh205" depart="1853.25" from="30620492#0" to="196961379#0" departLane="best" type="veh_passenger" departSpeed="max"/>
    <trip id="veh206" depart="1862.30" from="506322846#2" to="1132431808" departLane="best" type="veh_passenger"/>
    <trip id="veh207" depart="1871.34" from="593849711#0" to="288135628#0" departLane="best" type="veh_passenger"/>
    <trip id="veh208" depart="1880.38" from="288878926#0" to="288135626#0" departLane="best" type="veh_passenger"/>
    <trip id="veh209" depart="1889.42" from="1132431141" to="-51362430" departLane="best" type="veh_passenger" departSpeed="max"/>
    <trip id="veh210" depart="1898.46" from="-51392846#1" to="49710833" departLane="best" type="veh_passenger" departSpeed="max"/>
    <trip id="veh211" depart="1907.50" from="-506322847#4" to="1334904386#0" departLane="best" type="veh_passenger" departSpeed="max"/>
    <trip id="veh212" depart="1916.54" from="360843891" to="241518668#0" departLane="best" type="veh_passenger"/>
    <trip id="veh213" depart="1925.58" from="910567294" to="1068440005" departLane="best" type="veh_passenger"/>
    <trip id="veh214" depart="1934.62" from="51289045#1" to="49073272#3" departLane="best" type="veh_passenger"/>
    <trip id="veh215" depart="1943.66" from="51362368" to="196961215#2" departLane="best" type="veh_passenger" departSpeed="max"/>
    <trip id="veh216" depart="1952.70" from="297213521#0" to="288135628#0" departLane="best" type="veh_passenger" departSpeed="max"/>
    <trip id="veh217" depart="1961.74" from="910567293" to="241518668#0" departLane="best" type="veh_passenger" departSpeed="max"/>
    <trip id="veh218" depart="1970.78" from="1334904387" to="186602412#0" departLane="best" type="veh_passenger"/>
    <trip id="veh219" depart="1979.82" from="49710834" to="1334904387" departLane="best" type="veh_passenger" departSpeed="max"/>
    <trip id="veh220" depart="1988.86" from="1079151555" to="1068234498#0" departLane="best" type="veh_passenger" departSpeed="max"/>
    <trip id="veh221" depart="1997.90" from="-1334905224" to="288135628#0" departLane="best" type="veh_passenger"/>
    <trip id="veh222" depart="2006.94" from="182334379#0" to="506322848#0" departLane="best" type="veh_passenger"/>
    <trip id="veh223" depart="2015.98" from="506322846#0" to="594658758" departLane="best" type="veh_passenger"/>
    <trip id="veh224" depart="2025.02" from="51362368" to="49695736#0" departLane="best" type="veh_passenger" departSpeed="max"/>
    <trip id="veh225" depart="2034.06" from="49710834" to="594658762#0" departLane="best" type="veh_passenger" departSpeed="max"/>
    <trip id="veh226" depart="2043.10" from="268564473#0" to="35274074#0" departLane="best" type="veh_passenger" departSpeed="max"/>
    <trip id="veh227" depart="2052.14" from="49695736#0" to="593849718#0" departLane="best" type="veh_passenger"/>
    <trip id="veh228" depart="2061.18" from="593842812#2" to="1068234498#0" departLane="best" type="veh_passenger"/>
    <trip id="veh229" depart="2070.22" from="1079151555" to="241518668#0" departLane="best" type="veh_passenger" departSpeed="max"/>
    <trip id="veh230" depart="2079.26" from="506322858" to="484988952#0" departLane="best" type="veh_passenger"/>
    <trip id="veh231" depart="2088.30" from="232003903#0" to="1132431808" departLane="best" type="veh_passenger"/>
    <trip id="veh232" depart="2097.34" from="297213521#0" to="1068234499#0" departLane="best" type="veh_passenger" departSpeed="max"/>
    <trip id="veh233" depart="2106.38" from="-49073264#1" to="263217603#0" departLane="best" type="veh_passenger" departSpeed="max"/>
    <trip id="veh234" depart="2115.42" from="244450512#0" to="196961379#0" departLane="best" type="veh_passenger" departSpeed="max"/>
    <trip id="veh235" depart="2124.46" from="593844216#0" to="49073226#2" departLane="best" type="veh_passenger"/>
    <trip id="veh236" depart="2133.50" from="-49073264#1" to="51289045#1" departLane="best" type="veh_passenger" departSpeed="max"/>
    <trip id="veh237" depart="2142.54" from="288878926#0" to="506322841#4" departLane="best" type="veh_passenger"/>
    <trip id="veh238" depart="2151.58" from="668037874" to="182334378#0" departLane="best" type="veh_passenger"/>
    <trip id="veh239" depart="2160.62" from="297213521#0" to="1068439999#0" departLane="best" type="veh_passenger" departSpeed="max"/>
    <trip id="veh240" depart="2169.66" from="506322841#1" to="593847701" departLane="best" type="veh_passenger"/>
    <trip id="veh241" depart="2178.70" from="244450512#0" to="506322847#0" departLane="best" type="veh_passenger" departSpeed="max"/>
    <trip id="veh242" depart="2187.74" from="593842812#0" to="353392316#0" departLane="best" type="veh_passenger"/>
    <trip id="veh243" depart="2196.78" from="252657376" to="303647015#0" departLane="best" type="veh_passenger"/>
    <trip id="veh244" depart="2205.83" from="910567293" to="506322841#4" departLane="best" type="veh_passenger" departSpeed="max"/>
    <trip id="veh245" depart="2214.87" from="30620492#0" to="260882327" departLane="best" type="veh_passenger" departSpeed="max"/>
    <trip id="veh246" depart="2223.91" from="268564473#0" to="506322847#0" departLane="best" type="veh_passenger" departSpeed="max"/>
    <trip id="veh247" depart="2232.95" from="1079151555" to="353392316#0" departLane="best" type="veh_passenger" departSpeed="max"/>
    <trip id="veh248" depart="2241.99" from="353392316#0" to="1068439999#1" departLane="best" type="veh_passenger"/>
    <trip id="veh249" depart="2251.03" from="910567293" to="593849721" departLane="best" type="veh_passenger" departSpeed="max"/>
    <trip id="veh250" depart="2260.07" from="288135626#0" to="1068440005" departLane="best" type="veh_passenger"/>
    <trip id="veh251" depart="2269.11" from="593844216#0" to="288878926#0" departLane="best" type="veh_passenger"/>
    <trip id="veh252" depart="2278.15" from="196961215#2" to="593842812#2" departLane="best" type="veh_passenger"/>
    <trip id="veh253" depart="2287.19" from="353392316#0" to="260152357" departLane="best" type="veh_passenger"/>
    <trip id="veh254" depart="2296.23" from="906806086#0" to="300077497#0" departLane="best" type="veh_passenger"/>
    <trip id="veh255" depart="2305.27" from="297213521#0" to="593842812#0" departLane="best" type="veh_passenger" departSpeed="max"/>
    <trip id="veh256" depart="2314.31" from="196961377#3" to="238526531#0" departLane="best" type="veh_passenger"/>
    <trip id="veh257" depart="2323.35" from="49073226#2" to="910567294" departLane="best" type="veh_passenger"/>
    <trip id="veh258" depart="2332.39" from="297213521#0" to="1334904386#0" departLane="best" type="veh_passenger" departSpeed="max"/>
    <trip id="veh259" depart="2341.43" from="353392316#0" to="336063376#0" departLane="best" type="veh_passenger"/>
    <trip id="veh260" depart="2350.47" from="268564473#0" to="244450512#5" departLane="best" type="veh_passenger" departSpeed="max"/>
    <trip id="veh261" depart="2359.51" from="1132431141" to="506322847#0" departLane="best" type="veh_passenger" departSpeed="max"/>
    <trip id="veh262" depart="2368.55" from="360851262#0" to="196961378#1" departLane="best" type="veh_passenger" departSpeed="max"/>
    <trip id="veh263" depart="2377.59" from="506322857#0" to="506322848#0" departLane="best" type="veh_passenger"/>
    <trip id="veh264" depart="2386.63" from="506322840#0" to="593842812#0" departLane="best" type="veh_passenger"/>
    <trip id="veh265" depart="2395.67" from="593849711#2" to="288135626#0" departLane="best" type="veh_passenger"/>
    <trip id="veh266" depart="2404.71" from="300077497#0" to="288135628#0" departLane="best" type="veh_passenger"/>
    <trip id="veh267" depart="2413.75" from="506322851#2" to="260881642#0" departLane="best" type="veh_passenger"/>
    <trip id="veh268" depart="2422.79" from="49710834" to="1334904387" departLane="best" type="veh_passenger" departSpeed="max"/>
    <trip id="veh269" depart="2431.83" from="244450512#1" to="506322847#0" departLane="best" type="veh_passenger"/>
    <trip id="veh270" depart="2440.87" from="252657375" to="244450512#4" departLane="best" type="veh_passenger" departSpeed="max"/>
    <trip id="veh271" depart="2449.91" from="506322851#2" to="51289045#3" departLane="best" type="veh_passenger"/>
    <trip id="veh272" depart="2458.95" from="593849711#2" to="-51362368" departLane="best" type="veh_passenger"/>
    <trip id="veh273" depart="2467.99" from="-51392846#1" to="49710833" departLane="best" type="veh_passenger" departSpeed="max"/>
    <trip id="veh274" depart="2477.03" from="906806086#0" to="910567294" departLane="best" type="veh_passenger"/>
    <trip id="veh275" depart="2486.07" from="506322857#0" to="263217603#0" departLane="best" type="veh_passenger"/>
    <trip id="veh276" depart="2495.11" from="1068234499#0" to="49710833" departLane="best" type="veh_passenger"/>
    <trip id="veh277" depart="2504.15" from="593849711#2" to="288135626#0" departLane="best" type="veh_passenger"/>
    <trip id="veh278" depart="2513.19" from="506322846#2" to="593849718#0" departLane="best" type="veh_passenger"/>
    <trip id="veh279" depart="2522.23" from="-506322847#4" to="51362361#1" departLane="best" type="veh_passenger" departSpeed="max"/>
    <trip id="veh280" depart="2531.27" from="1079151555" to="1068234499#0" departLane="best" type="veh_passenger" departSpeed="max"/>
    <trip id="veh281" depart="2540.32" from="593849711#0" to="49695736#0" departLane="best" type="veh_passenger"/>
    <trip id="veh282" depart="2549.36" from="1079151555" to="288135628#0" departLane="best" type="veh_passenger" departSpeed="max"/>
    <trip id="veh283" depart="2558.40" from="-186602412#3" to="51362430" departLane="best" type="veh_passenger" departSpeed="max"/>
    <trip id="veh284" depart="2567.44" from="593852346" to="506322846#0" departLane="best" type="veh_passenger"/>
    <trip id="veh285" depart="2576.48" from="1079151555" to="288135626#0" departLane="best" type="veh_passenger" departSpeed="max"/>
    <trip id="veh286" depart="2585.52" from="244450512#5" to="49073264#0" departLane="best" type="veh_passenger"/>
    <trip id="veh287" depart="2594.56" from="49695726" to="261898534" departLane="best" type="veh_passenger" departSpeed="max"/>
    <trip id="veh288" depart="2603.60" from="196961215#0" to="593844221#0" departLane="best" type="veh_passenger" departSpeed="max"/>
    <trip id="veh289" depart="2612.64" from="297213521#0" to="196961378#1" departLane="best" type="veh_passenger" departSpeed="max"/>
    <trip id="veh290" depart="2621.68" from="360851262#0" to="49073226#2" departLane="best" type="veh_passenger" departSpeed="max"/>
    <trip id="veh291" depart="2630.72" from="910567293" to="232003903#0" departLane="best" type="veh_passenger" departSpeed="max"/>
    <trip id="veh292" depart="2639.76" from="506322846#0" to="506322857#0" departLane="best" type="veh_passenger"/>
    <trip id="veh293" depart="2648.80" from="-506322847#4" to="49073272#3" departLane="best" type="veh_passenger" departSpeed="max"/>
    <trip id="veh294" depart="2657.84" from="297213521#0" to="593849718#0" departLane="best" type="veh_passenger" departSpeed="max"/>
    <trip id="veh295" depart="2666.88" from="49695726" to="49695736#0" departLane="best" type="veh_passenger" departSpeed="max"/>
    <trip id="veh296" depart="2675.92" from="506322842#0" to="506322851#2" departLane="best" type="veh_passenger"/>
    <trip id="veh297" depart="2684.96" from="49710834" to="593844216#0" departLane="best" type="veh_passenger" departSpeed="max"/>
    <trip id="veh298" depart="2694.00" from="49695726" to="593849718#0" departLane="best" type="veh_passenger" departSpeed="max"/>
    <trip id="veh299" depart="2703.04" from="506322856" to="1068439999#0" departLane="best" type="veh_passenger"/>
    <trip id="veh300" depart="2712.08" from="232003903#0" to="506322857#0" departLane="best" type="veh_passenger"/>
    <trip id="veh301" depart="2721.12" from="303647013" to="593849721" departLane="best" type="veh_passenger"/>
    <trip id="veh302" depart="2730.16" from="593844216#0" to="196961379#0" departLane="best" type="veh_passenger"/>
    <trip id="veh303" depart="2739.20" from="593842812#2" to="288135628#0" departLane="best" type="veh_passenger"/>
    <trip id="veh304" depart="2748.24" from="51392936#0" to="506322857#0" departLane="best" type="veh_passenger"/>
    <trip id="veh305" depart="2757.28" from="-186602412#3" to="303647015#0" departLane="best" type="veh_passenger" departSpeed="max"/>
    <trip id="veh306" depart="2766.32" from="268564473#0" to="506322846#0" departLane="best" type="veh_passenger" departSpeed="max"/>
    <trip id="veh307" depart="2775.36" from="593842812#2" to="668037874" departLane="best" type="veh_passenger"/>
    <trip id="veh308" depart="2784.40" from="1068439999#0" to="196961378#1" departLane="best" type="veh_passenger"/>
    <trip id="veh309" depart="2793.44" from="-300077497#5" to="593849715" departLane="best" type="veh_passenger"/>
    <trip id="veh310" depart="2802.48" from="360843888" to="593852345#0" departLane="best" type="veh_passenger"/>
    <trip id="veh311" depart="2811.52" from="593842812#2" to="593849718#0" departLane="best" type="veh_passenger"/>
    <trip id="veh312" depart="2820.56" from="238526531#0" to="260881642#0" departLane="best" type="veh_passenger"/>
    <trip id="veh313" depart="2829.60" from="1068234499#0" to="593849715" departLane="best" type="veh_passenger"/>
    <trip id="veh314" depart="2838.64" from="1068440005" to="288135628#0" departLane="best" type="veh_passenger"/>
    <trip id="veh315" depart="2847.68" from="506322841#1" to="506322857#0" departLane="best" type="veh_passenger"/>
    <trip id="veh316" depart="2856.72" from="506322857#0" to="1334904387" departLane="best" type="veh_passenger"/>
    <trip id="veh317" depart="2865.76" from="263217603#0" to="1068439999#1" departLane="best" type="veh_passenger"/>
    <trip id="veh318" depart="2874.80" from="297213521#0" to="260881642#0" departLane="best" type="veh_passenger" departSpeed="max"/>
    <trip id="veh319" depart="2883.85" from="252657375" to="288135626#0" departLane="best" type="veh_passenger" departSpeed="max"/>
    <trip id="veh320" depart="2892.89" from="593847700" to="288135628#0" departLane="best" type="veh_passenger"/>
    <trip id="veh321" depart="2901.93" from="51362368" to="196961378#1" departLane="best" type="veh_passenger" departSpeed="max"/>
    <trip id="veh322" depart="2910.97" from="1068440001" to="420578931#1" departLane="best" type="veh_passenger"/>
    <trip id="veh323" depart="2920.01" from="1334904387" to="186602412#0" departLane="best" type="veh_passenger"/>
    <trip id="veh324" depart="2929.05" from="1079151555" to="593849718#0" departLane="best" type="veh_passenger" departSpeed="max"/>
    <trip id="veh325" depart="2938.09" from="-1334905224" to="593847701" departLane="best" type="veh_passenger"/>
    <trip id="veh326" depart="2947.13" from="196961215#0" to="1334905225" departLane="best" type="veh_passenger" departSpeed="max"/>
    <trip id="veh327" depart="2956.17" from="49710834" to="-49695726" departLane="best" type="veh_passenger" departSpeed="max"/>
    <trip id="veh328" depart="2965.21" from="196961215#0" to="244450512#5" departLane="best" type="veh_passenger" departSpeed="max"/>
    <trip id="veh329" depart="2974.25" from="1079151555" to="-51362430" departLane="best" type="veh_passenger" departSpeed="max"/>
    <trip id="veh330" depart="2983.29" from="506322857#0" to="303647015#0" departLane="best" type="veh_passenger"/>
    <trip id="veh331" depart="2992.33" from="506322857#0" to="288135628#0" departLane="best" type="veh_passenger"/>
    <trip id="veh332" depart="3001.37" from="1068439999#0" to="288878927" departLane="best" type="veh_passenger"/>
    <trip id="veh333" depart="3010.41" from="51362368" to="593847703#0" departLane="best" type="veh_passenger" departSpeed="max"/>
    <trip id="veh334" depart="3019.45" from="297213521#0" to="288135628#0" departLane="best" type="veh_passenger" departSpeed="max"/>
    <trip id="veh335" depart="3028.49" from="297213521#0" to="260881642#0" departLane="best" type="veh_passenger" departSpeed="max"/>
    <trip id="veh336" depart="3037.53" from="594658761" to="1068234498#0" departLane="best" type="veh_passenger"/>
    <trip id="veh337" depart="3046.57" from="-593847703#3" to="49073272#4" departLane="best" type="veh_passenger"/>
    <trip id="veh338" depart="3055.61" from="-51392846#1" to="196961379#0" departLane="best" type="veh_passenger" departSpeed="max"/>
    <trip id="veh339" depart="3064.65" from="244450512#0" to="910567294" departLane="best" type="veh_passenger" departSpeed="max"/>
    <trip id="veh340" depart="3073.69" from="303647013" to="288135628#0" departLane="best" type="veh_passenger"/>
    <trip id="veh341" depart="3082.73" from="49073247#0" to="1068439999#1" departLane="best" type="veh_passenger" departSpeed="max"/>
    <trip id="veh342" depart="3091.77" from="506322846#2" to="593847700" departLane="best" type="veh_passenger"/>
    <trip id="veh343" depart="3100.81" from="506322851#2" to="186602412#0" departLane="best" type="veh_passenger"/>
    <trip id="veh344" depart="3109.85" from="268564473#0" to="196961377#0" departLane="best" type="veh_passenger" departSpeed="max"/>
    <trip id="veh345" depart="3118.89" from="244450512#1" to="288135628#0" departLane="best" type="veh_passenger"/>
    <trip id="veh346" depart="3127.93" from="263217603#0" to="1068439999#1" departLane="best" type="veh_passenger"/>
    <trip id="veh347" depart="3136.97" from="268564473#0" to="506322842#0" departLane="best" type="veh_passenger" departSpeed="max"/>
    <trip id="veh348" depart="3146.01" from="252657375" to="1334904387" departLane="best" type="veh_passenger" departSpeed="max"/>
    <trip id="veh349" depart="3155.05" from="906806086#0" to="-593847705" departLane="best" type="veh_passenger"/>
    <trip id="veh350" depart="3164.09" from="1068234499#0" to="506322856" departLane="best" type="veh_passenger"/>
    <trip id="veh351" depart="3173.13" from="49073226#2" to="420578931#0" departLane="best" type="veh_passenger"/>
    <trip id="veh352" depart="3182.17" from="244450513#0" to="506322842#0" departLane="best" type="veh_passenger"/>
    <trip id="veh353" depart="3191.21" from="506322858" to="593847703#0" departLane="best" type="veh_passenger"/>
    <trip id="veh354" depart="3200.25" from="420578931#0" to="186602412#0" departLane="best" type="veh_passenger"/>
    <trip id="veh355" depart="3209.29" from="593842812#0" to="49073274" departLane="best" type="veh_passenger"/>
    <trip id="veh356" depart="3218.34" from="196961215#0" to="182334378#0" departLane="best" type="veh_passenger" departSpeed="max"/>
    <trip id="veh357" depart="3227.38" from="506322848#0" to="241518668#0" departLane="best" type="veh_passenger"/>
    <trip id="veh358" depart="3236.42" from="244450512#4" to="-1334905225" departLane="best" type="veh_passenger"/>
    <trip id="veh359" depart="3245.46" from="252657375" to="1239087513" departLane="best" type="veh_passenger" departSpeed="max"/>
    <trip id="veh360" depart="3254.50" from="506322857#0" to="186602412#0" departLane="best" type="veh_passenger"/>
    <trip id="veh361" depart="3263.54" from="1079151555" to="49695733#2" departLane="best" type="veh_passenger" departSpeed="max"/>
    <trip id="veh362" depart="3272.58" from="49710834" to="288135628#0" departLane="best" type="veh_passenger" departSpeed="max"/>
    <trip id="veh363" depart="3281.62" from="268564473#0" to="198001764#0" departLane="best" type="veh_passenger" departSpeed="max"/>
    <trip id="veh364" depart="3290.66" from="506322842#0" to="288135628#0" departLane="best" type="veh_passenger"/>
    <trip id="veh365" depart="3299.70" from="506322840#0" to="-51362368" departLane="best" type="veh_passenger"/>
    <trip id="veh366" depart="3308.74" from="-182336886" to="506322857#0" departLane="best" type="veh_passenger"/>
    <trip id="veh367" depart="3317.78" from="506322848#0" to="288878927" departLane="best" type="veh_passenger"/>
    <trip id="veh368" depart="3326.82" from="-51392846#1" to="593847702#3" departLane="best" type="veh_passenger" departSpeed="max"/>
    <trip id="veh369" depart="3335.86" from="-49073264#1" to="-35274074#2" departLane="best" type="veh_passenger" departSpeed="max"/>
    <trip id="veh370" depart="3344.90" from="360851262#0" to="49073226#2" departLane="best" type="veh_passenger" departSpeed="max"/>
    <trip id="veh371" depart="3353.94" from="1068439999#1" to="-360018417" departLane="best" type="veh_passenger"/>
    <trip id="veh372" depart="3362.98" from="244450512#0" to="51362429#0" departLane="best" type="veh_passenger" departSpeed="max"/>
    <trip id="veh373" depart="3372.02" from="49073272#3" to="593842812#2" departLane="best" type="veh_passenger"/>
    <trip id="veh374" depart="3381.06" from="668037874" to="1068439999#0" departLane="best" type="veh_passenger"/>
    <trip id="veh375" depart="3390.10" from="593844221#0" to="196961378#1" departLane="best" type="veh_passenger"/>
    <trip id="veh376" depart="3399.14" from="49073226#2" to="303647015#0" departLane="best" type="veh_passenger"/>
    <trip id="veh377" depart="3408.18" from="252657375" to="241518668#0" departLane="best" type="veh_passenger" departSpeed="max"/>
    <trip id="veh378" depart="3417.22" from="1079151555" to="300077497#6" departLane="best" type="veh_passenger" departSpeed="max"/>
    <trip id="veh379" depart="3426.26" from="1068439999#1" to="300077497#6" departLane="best" type="veh_passenger"/>
    <trip id="veh380" depart="3435.30" from="506322853#0" to="593842812#0" departLane="best" type="veh_passenger"/>
    <trip id="veh381" depart="3444.34" from="593842812#0" to="196961378#1" departLane="best" type="veh_passenger"/>
    <trip id="veh382" depart="3453.38" from="1079151555" to="182336887#2" departLane="best" type="veh_passenger" departSpeed="max"/>
    <trip id="veh383" depart="3462.42" from="49073247#0" to="51289045#4" departLane="best" type="veh_passenger" departSpeed="max"/>
    <trip id="veh384" depart="3471.46" from="49710834" to="182334378#0" departLane="best" type="veh_passenger" departSpeed="max"/>
    <trip id="veh385" depart="3480.50" from="268564473#0" to="594658758" departLane="best" type="veh_passenger" departSpeed="max"/>
    <trip id="veh386" depart="3489.54" from="360851262#0" to="49710833" departLane="best" type="veh_passenger" departSpeed="max"/>
    <trip id="veh387" depart="3498.58" from="49073272#4" to="593847703#0" departLane="best" type="veh_passenger"/>
    <trip id="veh388" depart="3507.62" from="49073274" to="1334904387" departLane="best" type="veh_passenger"/>
    <trip id="veh389" depart="3516.66" from="-51392846#1" to="288135626#0" departLane="best" type="veh_passenger" departSpeed="max"/>
    <trip id="veh390" depart="3525.70" from="238526531#0" to="196961379#0" departLane="best" type="veh_passenger"/>
    <trip id="veh391" depart="3534.74" from="-506322847#4" to="300077497#0" departLane="best" type="veh_passenger" departSpeed="max"/>
    <trip id="veh392" depart="3543.78" from="241518668#0" to="288135628#0" departLane="best" type="veh_passenger"/>
    <trip id="veh393" depart="3552.82" from="-545977624#2" to="593847703#0" departLane="best" type="veh_passenger"/>
    <trip id="veh394" depart="3561.87" from="593847702#3" to="49695733#0" departLane="best" type="veh_passenger"/>
    <trip id="veh395" depart="3570.91" from="297213521#0" to="288135628#0" departLane="best" type="veh_passenger" departSpeed="max"/>
    <trip id="veh396" depart="3579.95" from="593852345#0" to="288135628#0" departLane="best" type="veh_passenger"/>
    <trip id="veh397" depart="3588.99" from="545977624#0" to="506322841#4" departLane="best" type="veh_passenger"/>
    <trip id="veh398" depart="3598.03" from="244450512#0" to="288135628#0" departLane="best" type="veh_passenger" departSpeed="max"/>
</routes>
