stem,strategy,wait_ratio,loss_ratio,base_wait,act_wait,base_loss,act_loss,composite_w0.50,composite_w0.60,composite_w0.70
traffic_data_20260526_220147,no_control,1.0,1.0,27.6,27.6,33.54,33.54,1.0,1.0,1.0
traffic_data_20260526_220647,baseline_original,0.9905427631578947,0.993046357615894,24.32,24.09,30.2,29.99,0.9917945603868943,0.9915442009410944,0.9912938414952945
traffic_data_20260526_221147,no_control,1.0,1.0,36.57,36.57,45.64,45.64,1.0,1.0,1.0
traffic_data_20260526_221647,adaptive,0.9336255479023168,0.944888888888889,15.97,14.91,22.5,21.26,0.9392572183956029,0.9381308842969457,0.9370045501982884
traffic_data_20260526_222147,baseline_original,0.8085203847915712,0.8569996658870698,21.83,17.65,29.93,25.65,0.8327600253393205,0.8279120972297707,0.8230641691202207
traffic_data_20260526_222647,baseline_original,0.9778333929209868,0.9832756632064591,27.97,27.35,34.68,34.1,0.9805545280637229,0.9800103010351757,0.9794660740066286
traffic_data_20260526_223147,no_control,1.0,1.0,20.32,20.32,25.99,25.99,1.0,1.0,1.0
traffic_data_20260526_223647,no_control,1.0,1.0,12.11,12.11,17.25,17.25,1.0,1.0,1.0
traffic_data_20260526_224147,no_control,1.0,1.0,7.94,7.94,13.05,13.05,1.0,1.0,1.0
traffic_data_20260526_224647,adaptive,0.9666329625884732,0.9776258545680547,9.89,9.56,16.09,15.73,0.9721294085782639,0.9710301193803059,0.9699308301823477
traffic_data_20260526_225147,no_control,1.0,1.0,13.44,13.44,20.3,20.3,1.0,1.0,1.0
traffic_data_20260526_225647,adaptive,0.9080459770114943,0.9297435897435897,13.92,12.64,19.5,18.13,0.918894783377542,0.9167250221043324,0.9145552608311229
traffic_data_20260526_230147,baseline_original,0.8180227471566054,0.8598446470786897,22.86,18.7,29.61,25.46,0.8389336971176475,0.8347515071254391,0.8305693171332307
traffic_data_20260526_230647,baseline_more_edges,0.9901477832512315,0.9921311475409836,10.15,10.05,15.25,15.13,0.9911394653961076,0.9909411289671324,0.9907427925381571
traffic_data_20260526_231147,baseline_more_edges_more_tls,0.9110138584974471,0.932084963666853,27.42,24.98,35.78,33.35,0.92154941108215,0.9194423005652095,0.9173351900482689
traffic_data_20260526_231647,baseline_original,0.87734375,0.9135869565217392,12.8,11.23,18.4,16.81,0.8954653532608696,0.8918410326086956,0.8882167119565219
traffic_data_20260526_232147,baseline_more_edges_more_tls,0.9918463966333508,0.9940802455601843,38.02,37.71,45.61,45.34,0.9929633210967675,0.9927399362040842,0.9925165513114009
traffic_data_20260526_232647,baseline_more_edges_more_tls,0.9864029666254636,0.9856646394439619,16.18,15.96,23.02,22.69,0.9860338030347127,0.9861076357528629,0.9861814684710131
traffic_data_20260526_233147,adaptive,0.9372006386375732,0.9545988258317025,18.79,17.61,25.55,24.39,0.9458997322346379,0.9441599135152249,0.9424200947958119
traffic_data_20260526_233647,baseline_more_edges,0.9554670528602461,0.9561403508771931,27.62,26.39,37.62,35.97,0.9558037018687195,0.9557363720670249,0.9556690422653302
traffic_data_20260526_234147,no_control,1.0,1.0,8.82,8.82,13.28,13.28,1.0,1.0,1.0
traffic_data_20260526_234647,adaptive,0.9307511737089202,0.9463519313304721,8.52,7.93,13.98,13.23,0.9385515525196961,0.936991476757541,0.9354314009953859
traffic_data_20260526_235147,adaptive,0.865866957470011,0.8984152783421373,18.34,15.88,24.61,22.11,0.8821411179060741,0.8788862858188615,0.875631453731649
traffic_data_20260527_000147,baseline_more_edges_more_tls,0.95922598479613,0.9638836772983115,14.47,13.88,21.32,20.55,0.9615548310472207,0.9610890617970025,0.9606232925467845
traffic_data_20260527_000647,baseline_more_edges_more_tls,0.9854481955762514,0.9789473684210526,17.18,16.93,26.6,26.04,0.982197781998652,0.9828478647141718,0.9834979474296919
traffic_data_20260527_001147,baseline_original,0.9797235023041476,0.9857651245551602,10.85,10.63,16.86,16.62,0.9827443134296538,0.9821401512045527,0.9815359889794515
traffic_data_20260527_001647,no_control,1.0,1.0,12.27,12.27,17.64,17.64,1.0,1.0,1.0
traffic_data_20260527_002647,no_control,1.0,1.0,24.53,24.53,32.27,32.27,1.0,1.0,1.0
traffic_data_20260527_003147,no_control,1.0,1.0,16.09,16.09,22.25,22.25,1.0,1.0,1.0
traffic_data_20260527_003647,no_control,1.0,1.0,23.58,23.58,31.24,31.24,1.0,1.0,1.0
traffic_data_20260527_004147,baseline_original,0.8533134772896501,0.8929490478641278,13.43,11.46,19.43,17.35,0.873131262576889,0.8691677055194411,0.8652041484619934
traffic_data_20260527_004647,adaptive,0.9697923222152297,0.9675581971272906,31.78,30.82,40.38,39.07,0.9686752596712602,0.9688986721800541,0.969122084688848
traffic_data_20260527_005147,adaptive,0.6558333333333334,0.7163684559310802,24.0,15.74,30.18,21.62,0.6861008946322068,0.6800473823724321,0.6739938701126574
traffic_data_20260527_005647,baseline_more_edges_more_tls,0.812981298129813,0.8461227786752826,18.18,14.78,24.76,20.95,0.8295520384025479,0.8262378903480009,0.8229237422934539
traffic_data_20260527_010147,no_control,1.0,1.0,12.99,12.99,18.92,18.92,1.0,1.0,1.0
traffic_data_20260527_010647,baseline_original,0.9028322440087145,0.9291845493562232,22.95,20.72,32.62,30.31,0.9160083966824688,0.913373166147718,0.9107379356129671
traffic_data_20260527_011147,no_control,1.0,1.0,13.7,13.7,19.18,19.18,1.0,1.0,1.0
traffic_data_20260527_012147,baseline_original,0.9396887159533075,0.9651898734177216,5.14,4.83,9.48,9.15,0.9524392946855145,0.9498891789390731,0.9473390631926317
traffic_data_20260527_013147,no_control,1.0,1.0,18.2,18.2,24.38,24.38,1.0,1.0,1.0
traffic_data_20260527_014147,adaptive,0.9176220806794054,0.9328114807566863,23.55,21.61,30.66,28.6,0.9252167807180458,0.9236978407103178,0.9221789007025897
traffic_data_20260527_014647,adaptive,0.8794901506373116,0.9106982319448608,25.89,22.77,33.37,30.39,0.8950941912910861,0.8919733831603313,0.8888525750295764
traffic_data_20260527_020647,no_control,1.0,1.0,4.08,4.08,8.42,8.42,1.0,1.0,1.0
traffic_data_20260527_024147,no_control,1.0,1.0,23.03,23.03,30.72,30.72,1.0,1.0,1.0
traffic_data_20260527_031147,no_control,1.0,1.0,37.7,37.7,45.4,45.4,1.0,1.0,1.0
traffic_data_20260527_031647,baseline_more_edges,0.9641283826305853,0.9721588315837517,15.89,15.32,21.91,21.3,0.9681436071071685,0.9673405622118518,0.9665375173165353
traffic_data_20260527_032647,baseline_original,0.9646946564885496,0.989590110605075,10.48,10.11,15.37,15.21,0.9771423835468123,0.9746528381351597,0.9721632927235071
traffic_data_20260527_035147,no_control,1.0,1.0,13.18,13.18,19.94,19.94,1.0,1.0,1.0
traffic_data_20260527_050148,baseline_more_edges,0.8438287153652392,0.8732122149207576,19.85,16.75,25.87,22.59,0.8585204651429984,0.8555821151874465,0.8526437652318947
traffic_data_20260527_051648,baseline_original,0.9300528670191135,0.9388020833333334,24.59,22.87,30.72,28.84,0.9344274751762234,0.9335525535448015,0.9326776319133794
traffic_data_20260527_052148,adaptive,0.9282920469361148,0.951946975973488,7.67,7.12,12.07,11.49,0.9401195114548013,0.9377540185510641,0.9353885256473268
traffic_data_20260527_053148,adaptive,0.8781645569620252,0.9119427627958172,12.64,11.1,18.17,16.57,0.8950536598789212,0.891675839295542,0.8882980187121629
traffic_data_20260527_053648,no_control,1.0,1.0,12.1,12.1,18.25,18.25,1.0,1.0,1.0
traffic_data_20260527_054148,adaptive,0.8547854785478547,0.8794096472282217,21.21,18.13,27.78,24.43,0.8670975628880382,0.8646351460200015,0.8621727291519647
traffic_data_20260527_054648,baseline_original,0.9138082673702728,0.9400465657741559,11.37,10.39,17.18,16.15,0.9269274165722143,0.9243035867318261,0.9216797568914377
traffic_data_20260527_055148,baseline_more_edges,0.8273638968481375,0.8831494483450351,13.96,11.55,19.94,17.61,0.8552566725965862,0.8496781174468966,0.8440995622972068
traffic_data_20260527_055648,no_control,1.0,1.0,19.45,19.45,26.04,26.04,1.0,1.0,1.0
traffic_data_20260527_060648,baseline_more_edges_more_tls,0.8355691835952472,0.8704932218055955,26.09,21.8,34.67,30.18,0.8530312027004214,0.8495387988793865,0.8460463950583518
traffic_data_20260527_061148,baseline_more_edges_more_tls,0.6887104393008975,0.7491349480968859,21.17,14.58,28.9,21.65,0.7189226936988917,0.7128802428192929,0.706837791939694
traffic_data_20260527_061648,baseline_more_edges,0.9864406779661018,0.9858299595141701,17.7,17.46,24.7,24.35,0.9861353187401359,0.986196390585329,0.9862574624305223
traffic_data_20260527_062148,no_control,1.0,1.0,9.38,9.38,14.53,14.53,1.0,1.0,1.0
traffic_data_20260527_062648,no_control,1.0,1.0,17.48,17.48,24.09,24.09,1.0,1.0,1.0
traffic_data_20260527_063148,baseline_more_edges,0.9072494669509594,0.9409746053534661,9.38,8.51,14.57,13.71,0.9241120361522128,0.9207395223119621,0.9173670084717114
traffic_data_20260527_063648,baseline_more_edges_more_tls,0.9185555128697657,0.9352353780313838,26.03,23.91,35.05,32.78,0.9268954454505747,0.9252274589344129,0.9235594724182512
traffic_data_20260527_064148,baseline_more_edges,0.8492113564668771,0.8707805907172995,47.55,40.38,56.88,49.53,0.8599959735920883,0.8578390501670461,0.8556821267420038
traffic_data_20260527_064648,no_control,1.0,1.0,17.32,17.32,24.34,24.34,1.0,1.0,1.0
traffic_data_20260527_065148,baseline_original,0.9823747680890539,0.9856523189856523,21.56,21.18,29.97,29.54,0.9840135435373532,0.9836857884476933,0.9833580333580334
traffic_data_20260527_065648,baseline_original,0.9390243902439025,0.955951756685894,31.16,29.26,38.14,36.46,0.9474880734648983,0.9457953368206992,0.9441026001765
traffic_data_20260527_070148,baseline_original,1.0,0.9934971098265896,8.72,8.72,13.84,13.75,0.9967485549132948,0.9973988439306358,0.9980491329479768
traffic_data_20260527_070648,baseline_original,0.6120942782318863,0.6362497235940149,126.01,77.13,135.67,86.32,0.6241720009129506,0.6217564563767377,0.6193409118405249
traffic_data_20260527_071148,adaptive,0.8248101265822785,0.8645833333333333,19.75,16.29,26.88,23.24,0.8446967299578059,0.8407194092827004,0.8367420886075949
traffic_data_20260527_071648,baseline_more_edges_more_tls,0.7454396392703423,0.7630619684082625,48.79,36.37,57.61,43.96,0.7542508038393023,0.7524885709255104,0.7507263380117183
traffic_data_20260527_072148,baseline_more_edges_more_tls,0.9730743012951603,0.9692389286661363,29.34,28.55,37.71,36.55,0.9711566149806483,0.9715401522435506,0.9719236895064531
traffic_data_20260527_072648,adaptive,0.8783888458559256,0.9203771608171818,12.91,11.34,19.09,17.57,0.8993830033365537,0.8951841718404281,0.8909853403443024
traffic_data_20260527_073148,adaptive,0.8544336237826756,0.8896864374763884,19.51,16.67,26.47,23.55,0.8720600306295321,0.8685347492601607,0.8650094678907894
traffic_data_20260527_073648,baseline_more_edges_more_tls,0.9532971067704508,0.9578328328328328,68.09,64.91,79.92,76.55,0.9555649698016417,0.9551113971954036,0.9546578245891654
traffic_data_20260527_074148,adaptive,0.9060379328345224,0.9145527369826435,57.47,52.07,67.41,61.65,0.9102953349085829,0.9094438544937709,0.9085923740789588
traffic_data_20260527_074648,baseline_original,0.9394455252918289,0.9506784011734507,41.12,38.63,54.54,51.85,0.9450619632326398,0.9439386756444776,0.9428153880563155
traffic_data_20260527_075148,baseline_more_edges_more_tls,0.9186991869918699,0.9284920340866988,20.91,19.21,26.99,25.06,0.9235956105392844,0.9226163258298015,0.9216370411203185
traffic_data_20260527_075648,baseline_more_edges_more_tls,0.9724991958829206,0.9732494099134539,62.18,60.47,76.26,74.22,0.9728743028981872,0.9727992814951338,0.9727242600920806
traffic_data_20260527_080148,adaptive,0.9547665369649806,0.9712820512820513,20.56,19.63,29.25,28.41,0.9630242941235159,0.9613727426918088,0.9597211912601018
traffic_data_20260527_080648,baseline_original,0.8755072463768115,0.9093453394986615,69.0,60.41,82.18,74.73,0.8924262929377365,0.8890424836255515,0.8856586743133665
traffic_data_20260527_081148,baseline_more_edges_more_tls,0.8847546921303918,0.9118764244112433,30.37,26.87,39.49,36.01,0.8983155582708175,0.8956033850427323,0.8928912118146473
traffic_data_20260527_081648,adaptive,0.9785534062237173,0.9797273680531283,23.78,23.27,28.61,28.03,0.9791403871384228,0.9790229909554817,0.9789055947725407
traffic_data_20260527_082148,baseline_more_edges_more_tls,0.8817480719794344,0.8824330458465729,77.8,68.6,88.12,77.76,0.8820905589130037,0.8820220615262898,0.8819535641395759
traffic_data_20260527_082648,baseline_more_edges,0.943620178041543,0.9614050303555942,16.85,15.9,23.06,22.17,0.9525126041985685,0.9507341189671635,0.9489556337357583
traffic_data_20260527_083148,baseline_more_edges_more_tls,0.7285247432306255,0.7600075886928477,42.84,31.21,52.71,40.06,0.7442661659617367,0.7411178814155144,0.7379695968692922
traffic_data_20260527_083648,adaptive,0.9269501695799636,0.9426687974430682,38.33,35.53,50.06,47.19,0.9348094835115159,0.9332376207252053,0.931665757938895
traffic_data_20260527_084148,baseline_original,0.9528487229862476,0.9494706448508181,15.27,14.55,20.78,19.73,0.9511596839185328,0.9514974917320758,0.9518352995456187
traffic_data_20260527_084648,no_control,1.0,1.0,40.85,40.85,49.98,49.98,1.0,1.0,1.0
traffic_data_20260527_085148,no_control,1.0,1.0,28.53,28.53,36.16,36.16,1.0,1.0,1.0
traffic_data_20260527_085648,adaptive,0.815050059209818,0.8299876320045666,92.89,75.71,105.11,87.24,0.8225188456071924,0.8210250883277175,0.8195313310482425
traffic_data_20260527_090148,baseline_more_edges,0.9229122055674518,0.942617089739006,46.7,43.1,55.94,52.73,0.932764647653229,0.9307941592360736,0.9288236708189181
traffic_data_20260527_090648,no_control,1.0,1.0,72.04,72.04,83.11,83.11,1.0,1.0,1.0
traffic_data_20260527_091148,no_control,1.0,1.0,46.88,46.88,57.62,57.62,1.0,1.0,1.0
traffic_data_20260527_091648,no_control,1.0,1.0,28.45,28.45,35.57,35.57,1.0,1.0,1.0
traffic_data_20260527_092148,adaptive,0.7932604735883425,0.802952722307561,98.82,78.39,117.18,94.09,0.7981065979479518,0.7971373730760299,0.7961681482041081
traffic_data_20260527_092648,adaptive,0.9227557411273486,0.933063209076175,52.69,48.62,61.7,57.57,0.9279094751017618,0.9268787283068791,0.9258479815119965
traffic_data_20260527_093148,baseline_more_edges_more_tls,0.9393831974477136,0.955400322407308,28.21,26.5,37.22,35.56,0.9473917599275108,0.9457900474315513,0.944188334935592
traffic_data_20260527_093648,no_control,1.0,1.0,72.47,72.47,83.97,83.97,1.0,1.0,1.0
traffic_data_20260527_094148,adaptive,0.9594508975712777,0.9699326075686885,47.35,45.43,57.87,56.13,0.9646917525699831,0.963643581570242,0.9625954105705009
traffic_data_20260527_094648,adaptive,0.9923873705229003,1.001404342659609,80.13,79.52,92.57,92.7,0.9968958565912547,0.9959941593775838,0.995092462163913
traffic_data_20260527_095148,baseline_more_edges_more_tls,0.9913217623497996,0.9956183057448881,14.98,14.85,20.54,20.45,0.9934700340473439,0.993040379707835,0.9926107253683262
traffic_data_20260527_095648,baseline_more_edges,0.9013417521704814,0.9561093247588424,50.68,45.68,62.2,59.47,0.9287255384646619,0.9232487812058259,0.9177720239469898
traffic_data_20260527_100148,baseline_more_edges,0.9065759637188208,0.94469746258946,22.05,19.99,30.74,29.04,0.9256367131541403,0.9218245632670764,0.9180124133800125
traffic_data_20260527_100648,baseline_more_edges_more_tls,0.970399605328071,0.9728107525778484,182.43,177.03,194.93,189.63,0.9716051789529597,0.9713640642279819,0.9711229495030043
traffic_data_20260527_101148,baseline_more_edges_more_tls,0.8697287134031696,0.8913833654051742,37.23,32.38,46.77,41.69,0.8805560394041718,0.8783905742039714,0.8762251090037709
traffic_data_20260527_101648,adaptive,0.7664724338861498,0.7974034847967202,22.31,17.1,29.27,23.34,0.7819379593414351,0.778844854250378,0.775751749159321
traffic_data_20260527_102148,adaptive,0.8823094004441154,0.8923959827833573,27.02,23.84,34.85,31.1,0.8873526916137364,0.8863440333798123,0.8853353751458879
traffic_data_20260527_102648,baseline_more_edges,0.9744094488188977,0.9764397905759162,20.32,19.8,26.74,26.11,0.975424619697407,0.975221585521705,0.9750185513460032
traffic_data_20260527_103148,baseline_more_edges,0.9534662867996201,0.9594771241830067,42.12,40.16,53.55,51.38,0.9564717054913134,0.9558706217529747,0.9552695380146361
traffic_data_20260527_103648,baseline_more_edges_more_tls,0.6552650429799427,0.694659839063643,55.84,36.59,68.35,47.48,0.6749624410217929,0.6710229614134229,0.6670834818050528
traffic_data_20260527_104148,baseline_original,0.7329767240133006,0.7527227397979269,138.34,101.4,152.42,114.73,0.7428497319056138,0.7408751303271511,0.7389005287486885
traffic_data_20260527_104648,baseline_more_edges_more_tls,0.7657912234042553,0.7920806131138235,60.16,46.07,70.46,55.81,0.7789359182590394,0.7763069792880826,0.7736780403171257
traffic_data_20260527_105148,baseline_more_edges,0.9533746944914459,0.9602953240360952,53.19,50.71,60.95,58.53,0.9568350092637705,0.9561429463093056,0.9554508833548406
traffic_data_20260527_105648,adaptive,0.542011319111885,0.607899461400359,22.97,12.45,27.85,16.93,0.574955390256122,0.5683665760272746,0.5617777617984272
traffic_data_20260527_110148,no_control,1.0,1.0,38.71,38.71,46.66,46.66,1.0,1.0,1.0
traffic_data_20260527_110648,no_control,1.0,1.0,43.07,43.07,52.28,52.28,1.0,1.0,1.0
traffic_data_20260527_111148,baseline_original,0.9870766835344493,0.9846489683825084,128.45,126.79,142.01,139.83,0.9858628259584789,0.986105597473673,0.986348368988867
traffic_data_20260527_111648,adaptive,0.905516673528201,0.9176686706746827,48.58,43.99,59.88,54.95,0.9115926721014418,0.9103774723867937,0.9091622726721454
traffic_data_20260527_112148,baseline_original,0.8378378378378378,0.8739721931529376,53.28,44.64,66.89,58.46,0.8559050154953878,0.8522915799638777,0.8486781444323679
traffic_data_20260527_112648,baseline_more_edges_more_tls,0.8261472662119985,0.8380170195923213,86.51,71.47,101.06,84.69,0.8320821429021599,0.8308951675641276,0.8297081922260954
traffic_data_20260527_113148,adaptive,1.0004810004810005,0.9989251164457184,20.79,20.8,27.91,27.88,0.9997030584633595,0.9998586468668877,1.000014235270416
traffic_data_20260527_113648,baseline_more_edges_more_tls,0.7351398601398602,0.8163037409268564,11.44,8.41,17.91,14.62,0.7757218005333584,0.7676054124546587,0.7594890243759591
traffic_data_20260527_114148,no_control,1.0,1.0,28.6,28.6,37.83,37.83,1.0,1.0,1.0
traffic_data_20260527_114648,baseline_more_edges_more_tls,0.93659599762235,0.9489076208498193,50.47,47.27,58.13,55.16,0.9427518092360847,0.9415206469133377,0.9402894845905909
traffic_data_20260527_115148,adaptive,0.982736013986014,0.9904712404712405,45.76,44.97,57.72,57.17,0.9866036272286272,0.9858301045801046,0.985056581931582
traffic_data_20260527_115648,baseline_more_edges_more_tls,0.6529071230807955,0.7049347471451877,39.73,25.94,49.04,34.57,0.6789209351129916,0.6737181727065523,0.6685154103001132
traffic_data_20260527_120148,adaptive,0.6170106524633822,0.657740708223588,60.08,37.07,68.34,44.95,0.6373756803434851,0.6333026747674645,0.6292296691914439
traffic_data_20260527_120648,baseline_more_edges_more_tls,0.7911931818181819,0.815426528179806,49.28,38.99,58.73,47.89,0.8033098549989939,0.8008865203628315,0.7984631857266691
traffic_data_20260527_121148,baseline_more_edges,0.9712800198068828,0.979533941236069,40.39,39.23,49.35,48.34,0.9754069805214759,0.9745815883785572,0.9737561962356387
traffic_data_20260527_121648,baseline_more_edges_more_tls,0.9218022925888094,0.9272602336310983,88.11,81.22,101.87,94.46,0.9245312631099538,0.923985469005725,0.9234396749014961
traffic_data_20260527_122148,baseline_more_edges_more_tls,0.8043388713442263,0.8158665478161211,145.66,117.16,157.06,128.14,0.8101027095801737,0.8089499419329842,0.8077971742857948
traffic_data_20260527_122648,no_control,1.0,1.0,35.94,35.94,45.39,45.39,1.0,1.0,1.0
traffic_data_20260527_123149,baseline_more_edges_more_tls,0.8960964408725604,0.9000100190361687,87.1,78.05,99.81,89.83,0.8980532299543645,0.8976618721380036,0.8972705143216428
traffic_data_20260527_123649,baseline_more_edges_more_tls,0.8772305496074232,0.8881350821649329,56.04,49.16,66.33,58.91,0.882682815886178,0.8815923626304272,0.8805019093746762
traffic_data_20260527_124149,adaptive,0.9218464554649556,0.9291257326838934,224.43,206.89,242.26,225.09,0.9254860940744245,0.9247581663525308,0.9240302386306369
traffic_data_20260527_124649,baseline_more_edges_more_tls,0.8892630744849446,0.8946351742909825,100.96,89.78,113.89,101.89,0.8919491243879636,0.8914119144073597,0.890874704426756
traffic_data_20260527_125149,baseline_more_edges_more_tls,0.9810665825181445,0.9833038198836326,31.69,31.09,39.53,38.87,0.9821852012008885,0.9819614774643397,0.9817377537277909
traffic_data_20260527_125649,adaptive,0.9020791415157612,0.9463636363636364,14.91,13.45,22.0,20.82,0.9242213889396989,0.9197929394549114,0.9153644899701237
traffic_data_20260527_130149,adaptive,0.9801136363636365,0.9846176601094512,56.32,55.2,67.61,66.57,0.9823656482365438,0.9819152458619624,0.981464843487381
traffic_data_20260527_130649,baseline_more_edges_more_tls,0.9086222451346823,0.9151425650346473,77.59,70.5,88.03,80.56,0.9118824050846648,0.9112303730946683,0.9105783411046718
traffic_data_20260527_131149,adaptive,0.9563932002956392,0.9662302576891105,81.18,77.64,96.24,92.99,0.9613117289923749,0.9603280232530278,0.9593443175136807
traffic_data_20260527_131649,no_control,1.0,1.0,25.88,25.88,33.83,33.83,1.0,1.0,1.0
traffic_data_20260527_132149,adaptive,0.8907068062827224,0.9004444444444444,45.84,40.83,56.25,50.65,0.8955756253635834,0.8946018615474112,0.893628097731239
traffic_data_20260527_132649,adaptive,0.8139040680024286,0.8345667223681069,32.94,26.81,41.89,34.96,0.8242353951852678,0.8221691297486999,0.8201028643121322
traffic_data_20260527_133149,no_control,1.0,1.0,68.93,68.93,82.24,82.24,1.0,1.0,1.0
traffic_data_20260527_133649,baseline_more_edges_more_tls,0.9825436408977557,0.98659169550173,16.04,15.76,23.12,22.81,0.9845676681997428,0.9841628627393454,0.9837580572789479
traffic_data_20260527_134149,baseline_more_edges_more_tls,0.8770168519182503,0.9072727272727272,27.89,24.46,38.5,34.93,0.8921447895954888,0.8891192020600411,0.8860936145245933
traffic_data_20260527_134649,adaptive,0.8641321283889061,0.8797966963151206,32.09,27.73,39.35,34.62,0.8719644123520134,0.8703979555593919,0.8688314987667705
traffic_data_20260527_135149,baseline_original,0.9652711703139866,0.9677733018474789,63.06,60.87,71.99,69.67,0.9665222360807327,0.9662720229273836,0.9660218097740343
traffic_data_20260527_135649,no_control,1.0,1.0,49.4,49.4,59.8,59.8,1.0,1.0,1.0
traffic_data_20260527_140149,adaptive,0.9517368582846603,0.9569238257483572,32.53,30.96,41.09,39.32,0.9543303420165088,0.9538116452701391,0.9532929485237693
traffic_data_20260527_140649,baseline_more_edges,0.98714859437751,0.994066882416397,12.45,12.29,18.54,18.43,0.9906077383969535,0.9899159095930647,0.9892240807891761
traffic_data_20260527_141149,baseline_more_edges,0.9532570860268523,0.9601490825688074,60.33,57.51,69.76,66.98,0.9567030842978299,0.9560138846436343,0.9553246849894388
traffic_data_20260527_141649,adaptive,0.9757164734193831,0.9800605305323126,45.71,44.6,56.17,55.05,0.9778885019758479,0.9774540962645548,0.977019690553262
traffic_data_20260527_142149,baseline_more_edges_more_tls,0.9206174200661521,0.9398821218074657,18.14,16.7,25.45,23.92,0.9302497709368089,0.9283233007626776,0.9263968305885462
traffic_data_20260527_142649,no_control,1.0,1.0,21.34,21.34,28.78,28.78,1.0,1.0,1.0
traffic_data_20260527_143149,baseline_more_edges,0.8274278215223096,0.848112128146453,60.96,50.44,69.92,59.3,0.8377699748343813,0.8357015441719671,0.8336331135095527
traffic_data_20260527_143649,baseline_original,0.9075175056150085,0.9130336315253085,75.69,68.69,88.31,80.63,0.9102755685701585,0.9097239559791285,0.9091723433880985
traffic_data_20260527_144149,baseline_more_edges,0.9448045570614811,0.9508817204301075,101.82,96.2,116.25,110.54,0.9478431387457944,0.9472354224089317,0.9466277060720691
traffic_data_20260527_144649,baseline_more_edges_more_tls,0.9117082533589251,0.9394313967861557,10.42,9.5,16.18,15.2,0.9255698250725404,0.9227975107298174,0.9200251963870942
traffic_data_20260527_145149,baseline_more_edges_more_tls,0.9398907103825137,0.9612200435729847,16.47,15.48,22.95,22.06,0.9505553769777493,0.9484224436587021,0.946289510339655
traffic_data_20260527_145649,baseline_original,0.9355154841238729,0.9381879762912786,51.02,47.73,59.05,55.4,0.9368517302075757,0.9365844809908351,0.9363172317740946
traffic_data_20260527_150149,baseline_more_edges,0.9636143117040632,0.9706362153344209,32.98,31.78,42.91,41.65,0.967125263519242,0.9664230731562062,0.9657208827931705
traffic_data_20260527_150649,baseline_original,0.8859223300970874,0.9065863108049935,57.68,51.1,69.69,63.18,0.8962543204510405,0.8941879223802498,0.8921215243094593
traffic_data_20260527_151149,no_control,1.0,1.0,21.26,21.26,27.45,27.45,1.0,1.0,1.0
traffic_data_20260527_151649,adaptive,0.9818181818181818,0.9832483612527312,8.25,8.1,13.73,13.5,0.9825332715354564,0.9823902535920016,0.9822472356485467
traffic_data_20260527_152149,adaptive,0.9835796387520526,0.9871553884711779,24.36,23.96,31.92,31.51,0.9853675136116152,0.9850099386397027,0.9846523636677902
traffic_data_20260527_152649,baseline_original,0.934023782125048,0.953012395503027,26.07,24.35,34.69,33.06,0.9435180888140375,0.9416192274762396,0.9397203661384417
traffic_data_20260527_153149,baseline_original,0.9698890649762282,0.9753653444676409,37.86,36.72,47.9,46.72,0.9726272047219345,0.9720795767727932,0.971531948823652
traffic_data_20260527_153649,no_control,1.0,1.0,71.4,71.4,80.22,80.22,1.0,1.0,1.0
traffic_data_20260527_154149,no_control,1.0,1.0,37.43,37.43,47.08,47.08,1.0,1.0,1.0
traffic_data_20260527_154649,baseline_more_edges_more_tls,0.9779022720199191,0.983735830458354,32.13,31.42,40.58,39.92,0.9808190512391366,0.9802356953952931,0.9796523395514496
traffic_data_20260527_155149,adaptive,0.9991850040749797,0.9972811310494833,12.27,12.26,18.39,18.34,0.9982330675622315,0.9984234548647811,0.9986138421673307
traffic_data_20260527_155649,baseline_original,0.9751630707476167,0.977738376674547,39.86,38.87,50.76,49.63,0.9764507237110818,0.9761931931183888,0.9759356625256959
traffic_data_20260527_160149,adaptive,0.8812544045102185,0.8924406047516198,56.76,50.02,69.45,61.98,0.8868475046309192,0.885728884606779,0.884610264582639
traffic_data_20260527_160649,baseline_more_edges,0.9739631764924678,0.9758327890267798,53.77,52.37,61.24,59.76,0.9748979827596238,0.9747110215061926,0.9745240602527614
traffic_data_20260527_161149,adaptive,0.9677152317880794,0.9794952681388013,12.08,11.69,19.02,18.63,0.9736052499634403,0.9724272463283682,0.9712492426932959
traffic_data_20260527_161649,baseline_more_edges_more_tls,0.8809434668663422,0.9043478260869565,26.71,23.53,34.5,31.2,0.8926456464766493,0.8903052105545879,0.8879647746325265
traffic_data_20260527_162149,baseline_more_edges_more_tls,0.9096834264432029,0.9274390243902441,10.74,9.77,16.4,15.21,0.9185612254167235,0.9167856656220194,0.9150101058273152
traffic_data_20260527_162649,no_control,1.0,1.0,13.92,13.92,19.81,19.81,1.0,1.0,1.0
traffic_data_20260527_163149,baseline_original,0.8342622469932531,0.865370770338373,34.09,28.44,41.67,36.06,0.849816508665813,0.8467056563313011,0.8435948039967891
traffic_data_20260527_163649,baseline_more_edges,0.9026019916479281,0.9032089291942798,155.65,140.49,172.02,155.37,0.902905460421104,0.9028447666664687,0.9027840729118336
traffic_data_20260527_164149,no_control,1.0,1.0,39.46,39.46,48.33,48.33,1.0,1.0,1.0
traffic_data_20260527_164649,baseline_more_edges_more_tls,0.9634591961023143,0.9666207845836201,49.26,47.46,58.12,56.18,0.9650399903429672,0.9647238314948365,0.964407672646706
traffic_data_20260527_165149,adaptive,0.9537982565379827,0.9586351706036745,80.3,76.59,95.25,91.31,0.9562167135708286,0.9557330221642595,0.9552493307576901
traffic_data_20260527_165649,baseline_more_edges_more_tls,0.9625651041666667,0.9699323477825108,30.72,29.57,39.91,38.71,0.9662487259745888,0.9655120016130043,0.96477527725142
traffic_data_20260527_170149,adaptive,0.9629959875167188,0.9725073951626936,44.86,43.2,57.47,55.89,0.9677516913397062,0.9668005505751087,0.9658494098105113
traffic_data_20260527_170649,baseline_more_edges_more_tls,0.8923276983094929,0.9076954988591578,38.45,34.31,48.21,43.76,0.9000115985843253,0.8984748185293588,0.8969380384743924
traffic_data_20260527_171149,no_control,1.0,1.0,17.34,17.34,25.15,25.15,1.0,1.0,1.0
traffic_data_20260527_171649,baseline_more_edges_more_tls,0.9169497586268549,0.9222825267601387,111.86,102.57,132.66,122.35,0.9196161426934968,0.9190828658801684,0.91854958906684
traffic_data_20260527_172149,adaptive,0.9070847851335656,0.9212283044058746,68.88,62.48,82.39,75.9,0.9141565447697201,0.9127421928424893,0.9113278409152583
traffic_data_20260527_172649,adaptive,0.8353545734840699,0.8600568466811569,48.65,40.64,59.81,51.44,0.8477057100826134,0.8452354827629047,0.8427652554431959
traffic_data_20260527_173149,adaptive,0.9690551050802582,0.9702004943696788,60.43,58.56,72.82,70.65,0.9696277997249685,0.9695132607960264,0.9693987218670843
traffic_data_20260527_173649,no_control,1.0,1.0,65.89,65.89,79.88,79.88,1.0,1.0,1.0
traffic_data_20260527_174149,adaptive,0.9158379820519039,0.9242722265932336,41.23,37.76,50.84,46.99,0.9200551043225688,0.9192116798684358,0.9183682554143029
traffic_data_20260527_174649,baseline_more_edges,0.9909878682842287,0.9961695607763024,28.85,28.59,39.16,39.01,0.9935787145302655,0.9930605452810581,0.9925423760318508
traffic_data_20260527_175149,baseline_original,0.9921914357682619,0.9924078091106291,79.4,78.78,92.2,91.5,0.9922996224394455,0.9922779851052088,0.992256347770972
traffic_data_20260527_175649,baseline_more_edges,0.8665606221279605,0.8840498529617702,56.58,49.03,71.41,63.13,0.8753052375448653,0.8735563144614843,0.8718073913781035
traffic_data_20260527_180149,no_control,1.0,1.0,51.42,51.42,62.21,62.21,1.0,1.0,1.0
traffic_data_20260527_180649,baseline_original,0.9235588972431077,0.9362905252576025,63.84,58.96,79.58,74.51,0.929924711250355,0.9286515484489056,0.9273783856474561
traffic_data_20260527_181149,baseline_more_edges_more_tls,0.9284057971014493,0.935143994380707,34.5,32.03,42.71,39.94,0.9317748957410782,0.9311010760131524,0.9304272562852266
traffic_data_20260527_181649,no_control,1.0,1.0,11.57,11.57,17.95,17.95,1.0,1.0,1.0
traffic_data_20260527_182149,no_control,1.0,1.0,38.31,38.31,46.13,46.13,1.0,1.0,1.0
traffic_data_20260527_182649,adaptive,0.8316787859626936,0.8420158218576033,158.15,131.53,170.65,143.69,0.8368473039101485,0.8358136003206575,0.8347798967311666
traffic_data_20260527_183149,baseline_more_edges,0.7370266479663394,0.7769169115682607,28.52,21.02,37.43,29.08,0.7569717797673001,0.752982753407108,0.7489937270469158
traffic_data_20260527_183649,baseline_more_edges_more_tls,0.8913168856135854,0.9000399156070024,156.05,139.09,175.37,157.84,0.8956784006102938,0.8948060976109522,0.8939337946116104
traffic_data_20260527_184149,baseline_more_edges_more_tls,0.8111653116531166,0.8326882477128782,92.25,74.83,113.68,94.66,0.8219267796829974,0.8197744860770213,0.8176221924710451
traffic_data_20260527_184649,baseline_more_edges_more_tls,0.9765748654637544,0.9768280123583932,31.59,30.85,38.84,37.94,0.9767014389110737,0.97667612422161,0.976650809532146
traffic_data_20260527_185149,baseline_more_edges_more_tls,0.8938053097345133,0.9017105263157895,63.28,56.56,76.0,68.53,0.8977579180251514,0.8969673963670238,0.8961768747088963
traffic_data_20260527_185649,baseline_more_edges_more_tls,0.881738639570985,0.900219298245614,35.43,31.24,45.6,41.05,0.8909789689082994,0.8891309030408365,0.8872828371733736
traffic_data_20260527_190149,baseline_more_edges_more_tls,0.9435785536159601,0.9637019230769232,32.08,30.27,41.6,40.09,0.9536402383464416,0.9516279014003453,0.949615564454249
traffic_data_20260527_190649,baseline_more_edges_more_tls,0.8911538461538462,0.9260711285354243,26.0,23.17,35.71,33.07,0.9086124873446353,0.9051207591064774,0.9016290308683197
traffic_data_20260527_191149,baseline_more_edges,0.8350824587706147,0.8555847696951991,86.71,72.41,102.69,87.86,0.8453336142329069,0.8432833831404485,0.8412331520479901
traffic_data_20260527_191649,baseline_original,0.9738219895287957,0.9800894531813592,59.21,57.66,69.31,67.93,0.9769557213550775,0.9763289749898211,0.9757022286245648
traffic_data_20260527_192149,baseline_more_edges,0.969722455845248,0.9826060421116876,23.78,23.06,32.77,32.2,0.9761642489784678,0.9748758903518238,0.9735875317251799
traffic_data_20260527_192649,baseline_more_edges,0.8920265780730898,0.9238356164383561,12.04,10.74,18.25,16.86,0.907931097255723,0.9047501934191964,0.9015692895826697
traffic_data_20260527_193149,baseline_more_edges_more_tls,0.968909878000787,0.971431849472235,76.23,73.86,87.16,84.67,0.970170863736511,0.9699186665893662,0.9696664694422213
traffic_data_20260527_193649,baseline_more_edges,0.9974690663667041,0.9954822679015134,35.56,35.47,44.27,44.07,0.9964756671341087,0.9966743469806278,0.9968730268271468
traffic_data_20260527_194149,adaptive,0.8797123556330354,0.896978021978022,45.89,40.37,58.24,52.24,0.8883451888055287,0.88661862217103,0.8848920555365314
traffic_data_20260527_194649,adaptive,0.9294938917975567,0.9457917261055635,28.65,26.63,35.05,33.15,0.93764280895156,0.9360130255207595,0.9343832420899588
traffic_data_20260527_195149,baseline_original,0.9926082365364308,0.9910313901345292,28.41,28.2,37.91,37.57,0.9918198133354801,0.9919774979756701,0.9921351826158604
traffic_data_20260527_195649,baseline_more_edges_more_tls,0.9208562450903378,0.9347056931489225,50.92,46.89,62.18,58.12,0.9277809691196302,0.9263960243137717,0.9250110795079132
traffic_data_20260527_200149,adaptive,0.9401528013582343,0.9560975609756098,23.56,22.15,32.8,31.36,0.948125181166922,0.9465307052051846,0.9449362292434469
traffic_data_20260527_200649,baseline_more_edges_more_tls,0.9759862778730704,0.9842007434944238,5.83,5.69,10.76,10.59,0.9800935106837471,0.9792720641216117,0.9784506175594763
traffic_data_20260527_201149,baseline_original,0.7557986870897154,0.801088065283917,22.85,17.27,29.41,23.56,0.7784433761868161,0.773914438367396,0.7693855005479758
traffic_data_20260527_201649,baseline_more_edges,0.9393683023124648,0.953370072064434,35.46,33.31,47.18,44.98,0.9463691871884494,0.9449690102132524,0.9435688332380555
traffic_data_20260527_202149,baseline_more_edges,0.9799331103678931,0.9843956625231419,29.9,29.3,37.81,37.22,0.9821643864455175,0.9817181312299926,0.9812718760144677
traffic_data_20260527_202649,baseline_more_edges_more_tls,0.9254429482636429,0.9394229618101281,70.55,65.29,83.53,78.47,0.9324329550368855,0.9310349536822369,0.9296369523275885
traffic_data_20260527_203149,adaptive,0.9852465642683913,0.986904761904762,49.48,48.75,58.8,58.03,0.9860756630865766,0.9859098433229396,0.9857440235593026
traffic_data_20260527_203649,baseline_original,0.9495982468955442,0.95618413754853,27.38,26.0,36.06,34.48,0.9528911922220371,0.9522326031567385,0.9515740140914399
traffic_data_20260527_204149,no_control,1.0,1.0,64.11,64.11,76.36,76.36,1.0,1.0,1.0
traffic_data_20260527_204649,adaptive,0.8125484120836561,0.83773127085229,25.82,20.98,32.97,27.62,0.8251398414679731,0.8226215555911096,0.8201032697142463
traffic_data_20260527_205149,no_control,1.0,1.0,20.43,20.43,27.71,27.71,1.0,1.0,1.0
traffic_data_20260527_205649,adaptive,0.9953441968739607,0.9957435488161744,30.07,29.93,37.59,37.43,0.9955438728450676,0.9955039376508462,0.9954640024566248
traffic_data_20260527_210149,no_control,1.0,1.0,19.08,19.08,25.57,25.57,1.0,1.0,1.0
traffic_data_20260527_210649,baseline_more_edges,0.8158658497258948,0.839304531085353,31.01,25.3,37.96,31.86,0.827585190405624,0.8252413222696782,0.8228974541337323
traffic_data_20260527_211149,adaptive,0.9671824519639517,0.9737592698231603,58.81,56.88,70.12,68.28,0.9704708608935559,0.9698131791076351,0.9691554973217142
traffic_data_20260527_211649,baseline_more_edges,0.9737771053958648,0.9800205973223481,39.66,38.62,48.55,47.58,0.9768988513591065,0.9762745021664581,0.9756501529738097
traffic_data_20260527_212149,baseline_original,0.9683853970643583,0.9705610357583231,53.14,51.46,64.88,62.97,0.9694732164113407,0.9692556525419442,0.9690380886725478
traffic_data_20260527_212649,baseline_more_edges_more_tls,0.933050847457627,0.9604190919674039,11.8,11.01,17.18,16.5,0.9467349697125155,0.9439981452615378,0.94126132081056
traffic_data_20260527_213149,no_control,1.0,1.0,21.76,21.76,28.08,28.08,1.0,1.0,1.0
traffic_data_20260527_213649,baseline_more_edges,0.8755474452554745,0.8954545454545454,27.4,23.99,35.2,31.52,0.8855009953550099,0.8835102853351028,0.8815195753151958
traffic_data_20260527_214149,adaptive,0.9767822105951603,0.9771932279278019,61.16,59.74,71.47,69.84,0.9769877192614811,0.976946617528217,0.9769055157949529
traffic_data_20260527_214649,baseline_original,0.9405940594059405,0.9475707794477456,21.21,19.95,28.61,27.11,0.9440824194268431,0.9433847474226625,0.9426870754184821
traffic_data_20260527_215149,no_control,1.0,1.0,25.73,25.73,32.77,32.77,1.0,1.0,1.0
traffic_data_20260527_215649,adaptive,0.8880386629077729,0.9030479896238651,24.83,22.05,30.84,27.85,0.895543326265819,0.8940423935942098,0.8925414609226006
traffic_data_20260527_222646,baseline_original,0.9920537897310514,0.991659350307287,16.36,16.23,22.78,22.59,0.9918565700191693,0.9918960139615457,0.9919354579039221
traffic_data_20260527_231941,adaptive,0.9705075445816187,0.9779489904357067,29.16,28.3,37.64,36.81,0.9742282675086626,0.9734841229232538,0.9727399783378452
traffic_data_20260528_022101,no_control,1.0,1.0,19.98,19.98,26.39,26.39,1.0,1.0,1.0
traffic_data_20260528_132200,no_control,1.0,1.0,26.22,26.22,35.38,35.38,1.0,1.0,1.0
traffic_data_20260528_132700,baseline_original,0.9436843391155632,0.9501066098081025,81.86,77.25,93.8,89.12,0.9468954744618328,0.9462532473925789,0.945611020323325
traffic_data_20260528_133200,no_control,1.0,1.0,51.39,51.39,59.26,59.26,1.0,1.0,1.0
traffic_data_20260528_133700,no_control,1.0,1.0,25.17,25.17,32.86,32.86,1.0,1.0,1.0
traffic_data_20260528_134200,no_control,1.0,1.0,35.04,35.04,44.31,44.31,1.0,1.0,1.0
traffic_data_20260528_134700,baseline_original,0.9482872200263505,0.9663735126745991,30.36,28.79,38.66,37.36,0.9573303663504749,0.9555217370856499,0.953713107820825
traffic_data_20260528_135200,adaptive,0.9809626436781609,0.9810874704491725,55.68,54.62,67.68,66.4,0.9810250570636667,0.9810125743865655,0.9810000917094643
traffic_data_20260528_135700,adaptive,0.949517446176689,0.9614864161548872,80.82,76.74,96.07,92.37,0.9555019311657881,0.9543050341679683,0.9531081371701484
traffic_data_20260528_140200,baseline_more_edges_more_tls,0.9830709830709831,0.9845663890249877,33.67,33.1,40.82,40.19,0.9838186860479854,0.983669145452585,0.9835196048571845
traffic_data_20260528_140700,adaptive,0.9012591119946984,0.9149437320073279,30.18,27.2,38.21,34.96,0.9081014220010132,0.9067329599997502,0.9053644979984873
traffic_data_20260528_141200,no_control,1.0,1.0,24.79,24.79,33.45,33.45,1.0,1.0,1.0
traffic_data_20260528_141700,baseline_more_edges_more_tls,0.9526192337763878,0.9600463977316663,63.95,60.92,77.59,74.49,0.9563328157540271,0.9555900993584993,0.9548473829629713
traffic_data_20260528_142200,baseline_more_edges,0.8756973500697349,0.8864302461899181,57.36,50.23,68.24,60.49,0.8810637981298265,0.8799905085178082,0.8789172189057899
traffic_data_20260528_142700,no_control,1.0,1.0,65.34,65.34,74.68,74.68,1.0,1.0,1.0
traffic_data_20260528_143200,baseline_more_edges,0.907008495145631,0.9071079353140279,65.92,59.79,79.77,72.36,0.9070582152298294,0.9070482712129897,0.9070383271961501
traffic_data_20260528_143700,baseline_more_edges,0.6286085229876279,0.6494220468001128,130.94,82.31,141.88,92.14,0.6390152848938704,0.6369339325126219,0.6348525801313734
traffic_data_20260528_144200,baseline_more_edges_more_tls,0.8871455304447964,0.899660461304297,69.47,61.63,85.41,76.84,0.8934029958745466,0.8921515027885967,0.8909000097026465
traffic_data_20260528_144700,no_control,1.0,1.0,23.74,23.74,31.57,31.57,1.0,1.0,1.0
traffic_data_20260528_145200,baseline_more_edges_more_tls,0.8897090751194093,0.911953945140535,23.03,20.49,29.53,26.93,0.9008315101299722,0.8986070231278596,0.8963825361257469
traffic_data_20260528_145700,baseline_more_edges,0.957121518320007,0.9569260112850672,113.81,108.93,125.83,120.41,0.957023764802537,0.9570433155060311,0.9570628662095251
traffic_data_20260528_150200,no_control,1.0,1.0,14.43,14.43,20.29,20.29,1.0,1.0,1.0
traffic_data_20260528_150700,adaptive,0.9172450613988253,0.9228122491111366,74.92,68.72,87.19,80.46,0.920028655254981,0.9194719364837498,0.9189152177125187
traffic_data_20260528_151200,no_control,1.0,1.0,23.46,23.46,28.94,28.94,1.0,1.0,1.0
traffic_data_20260528_151700,no_control,1.0,1.0,23.01,23.01,30.82,30.82,1.0,1.0,1.0
traffic_data_20260528_152200,baseline_more_edges,0.7824642975755562,0.8203321590337191,30.11,23.56,39.74,32.6,0.8013982283046377,0.7976114421588214,0.7938246560130051
traffic_data_20260528_152700,baseline_original,0.9843915343915345,0.9897360703812317,37.8,37.21,47.74,47.25,0.9870638023863831,0.9865293487874134,0.9859948951884436
traffic_data_20260528_153200,adaptive,0.9000502260170768,0.9161534154535275,59.73,53.76,71.44,65.45,0.9081018207353022,0.906491501791657,0.9048811828480121
traffic_data_20260528_153700,adaptive,0.8552210121716848,0.8739290085679315,31.22,26.7,40.85,35.7,0.8645750103698082,0.8627042107301834,0.8608334110905589
traffic_data_20260528_154200,no_control,1.0,1.0,32.86,32.86,38.49,38.49,1.0,1.0,1.0
traffic_data_20260528_154700,baseline_original,0.9772809231878832,0.9829952267303103,27.73,27.1,33.52,32.95,0.9801380749590967,0.9795666446048541,0.9789952142506113
traffic_data_20260528_155200,baseline_more_edges_more_tls,0.8983286908077995,0.9157628344179319,21.54,19.35,27.66,25.33,0.9070457626128657,0.9053023482518525,0.9035589338908393
traffic_data_20260528_155700,adaptive,0.8579545454545454,0.8943275388838061,14.08,12.08,21.86,19.55,0.8761410421691758,0.8725037428262498,0.8688664434833235
traffic_data_20260528_160200,no_control,1.0,1.0,57.45,57.45,67.53,67.53,1.0,1.0,1.0
traffic_data_20260528_160700,baseline_original,0.8304662179007729,0.8719404738594086,40.11,33.31,51.07,44.53,0.8512033458800907,0.8470559202842272,0.8429084946883636
traffic_data_20260528_161200,no_control,1.0,1.0,75.28,75.28,90.72,90.72,1.0,1.0,1.0
traffic_data_20260528_161700,no_control,1.0,1.0,36.8,36.8,46.74,46.74,1.0,1.0,1.0
traffic_data_20260528_162200,baseline_more_edges_more_tls,0.9973691133912128,0.9933318993331899,38.01,37.91,46.49,46.18,0.9953505063622013,0.9957542277680036,0.996157949173806
traffic_data_20260528_162700,baseline_original,0.7934742306266221,0.8154506437768242,26.97,21.4,32.62,26.6,0.8044624372017232,0.802264795886703,0.8000671545716828
traffic_data_20260528_163200,baseline_more_edges,0.9842799188640974,0.9886602267954641,39.44,38.82,47.62,47.08,0.9864700728297807,0.9860320420366441,0.9855940112435073
traffic_data_20260528_163700,adaptive,0.8314266929651545,0.8358500814774579,76.05,63.23,92.05,76.94,0.8336383872213062,0.8331960483700758,0.8327537095188455
traffic_data_20260528_164200,baseline_original,0.9937487790584099,0.9984370115661145,51.19,50.87,63.98,63.88,0.9960928953122622,0.9956240720614917,0.9951552488107214
traffic_data_20260528_164700,baseline_more_edges_more_tls,0.7280966767371602,0.8105196451204055,9.93,7.23,15.78,12.79,0.7693081609287828,0.7610658640904583,0.7528235672521337
traffic_data_20260528_165200,baseline_original,0.8673243053934159,0.8730630095567193,171.32,148.59,185.21,161.7,0.8701936574750676,0.8696197870587372,0.8690459166424069
traffic_data_20260528_165700,no_control,1.0,1.0,24.48,24.48,31.49,31.49,1.0,1.0,1.0
traffic_data_20260528_170200,baseline_more_edges,0.9602778380724984,0.9656889872717211,46.07,44.24,54.21,52.35,0.9629834126721097,0.9624422977521875,0.9619011828322652
traffic_data_20260528_170700,baseline_original,0.9823636363636364,0.9822898865931333,55.0,54.03,64.37,63.23,0.9823267614783848,0.9823341364554352,0.9823415114324856
traffic_data_20260528_171200,adaptive,0.9512251502542765,0.9586206896551723,43.26,41.15,52.2,50.04,0.9549229199547244,0.9541833660146348,0.9534438120745452
traffic_data_20260528_171700,baseline_more_edges_more_tls,0.8077676240208878,0.852219191668733,30.64,24.75,40.33,34.37,0.8299934078448103,0.8255482510800258,0.8211030943152413
traffic_data_20260528_172200,baseline_more_edges_more_tls,0.9266055045871561,0.9419366581725519,42.51,39.39,54.94,51.75,0.934271081379854,0.9327379660213144,0.9312048506627748
traffic_data_20260528_172700,baseline_more_edges_more_tls,0.724438331040807,0.7744867048131943,21.81,15.8,29.71,23.01,0.7494625179270007,0.7444576805497619,0.7394528431725231
traffic_data_20260528_173200,adaptive,0.9517078916372202,0.9637273295809882,25.47,24.24,31.98,30.82,0.9577176106091042,0.9565156668147274,0.9553137230203506
traffic_data_20260528_173700,baseline_more_edges,0.9939718687206965,1.0043706293706294,14.93,14.84,22.88,22.98,0.999171249045663,0.9981313729806697,0.9970914969156763
traffic_data_20260528_174200,no_control,1.0,1.0,45.7,45.7,56.71,56.71,1.0,1.0,1.0
traffic_data_20260528_174700,adaptive,0.8170028818443804,0.8409714061887974,41.64,34.02,51.06,42.94,0.8289871440165889,0.8265902915821473,0.8241934391477055
traffic_data_20260528_175200,no_control,1.0,1.0,62.81,62.81,73.84,73.84,1.0,1.0,1.0
traffic_data_20260528_175700,baseline_original,0.9327380516724,0.9334459898609124,136.63,127.44,153.86,143.62,0.9330920207666562,0.9330212269478049,0.9329504331289538
traffic_data_20260528_180200,no_control,1.0,1.0,78.68,78.68,91.75,91.75,1.0,1.0,1.0
traffic_data_20260528_180700,baseline_more_edges_more_tls,0.7422850844966936,0.7665625,54.44,40.41,64.0,49.06,0.7544237922483468,0.7519960506980161,0.7495683091476856
traffic_data_20260528_181200,no_control,1.0,1.0,73.28,73.28,88.17,88.17,1.0,1.0,1.0
traffic_data_20260528_181700,baseline_more_edges_more_tls,0.744988864142539,0.7818936366430986,53.88,40.14,65.06,50.87,0.7634412503928187,0.7597507731427628,0.7560602958927068
traffic_data_20260528_182200,no_control,1.0,1.0,32.98,32.98,43.0,43.0,1.0,1.0,1.0
traffic_data_20260528_182700,adaptive,0.9157984628522631,0.9353155972874282,58.55,53.62,76.68,71.72,0.9255570300698457,0.9236053166263292,0.9216536031828126
traffic_data_20260528_183200,baseline_original,0.979472824819221,0.9810444874274661,42.87,41.99,51.7,50.72,0.9802586561233435,0.9801014898625191,0.9799443236016945
traffic_data_20260528_183700,no_control,1.0,1.0,31.32,31.32,39.92,39.92,1.0,1.0,1.0
traffic_data_20260528_184200,baseline_more_edges_more_tls,0.9901590457256462,0.9940239043824701,100.6,99.61,115.46,114.77,0.9920914750540581,0.9917049891883758,0.9913185033226933
traffic_data_20260528_184700,baseline_more_edges,0.9731952482485532,0.9792914171656687,32.83,31.95,40.08,39.25,0.976243332707111,0.9756337158153994,0.9750240989236878
traffic_data_20260528_185200,baseline_original,0.9512810559006211,0.9574366331898614,51.52,49.01,62.73,60.06,0.9543588445452412,0.9537432868163173,0.9531277290873932
traffic_data_20260528_185700,baseline_more_edges_more_tls,0.8343154246100519,0.86,28.85,24.07,37.5,32.25,0.847157712305026,0.8445892547660312,0.8420207972270363
traffic_data_20260528_190200,adaptive,0.9628180039138943,0.9726941747572816,10.22,9.84,16.48,16.03,0.9677560893355879,0.9667684722512493,0.9657808551669105
traffic_data_20260528_190700,baseline_more_edges_more_tls,0.9926069153776159,0.9980950471225186,87.92,87.27,99.74,99.55,0.9953509812500673,0.994802168075577,0.9942533549010868
traffic_data_20260528_191200,baseline_more_edges_more_tls,0.3856585019524317,0.4210456563514678,140.85,54.32,150.91,63.54,0.4033520791519497,0.3998133637120461,0.39627464827214254
traffic_data_20260528_191700,adaptive,0.9133445945945946,0.9253418922690484,59.2,54.07,71.66,66.31,0.9193432434318215,0.9181435136643761,0.9169437838969308
traffic_data_20260528_192200,baseline_more_edges_more_tls,0.7622769753610875,0.7886814300188161,58.85,44.86,69.09,54.49,0.7754792026899517,0.7728387572241789,0.770198311758406
traffic_data_20260528_192700,baseline_more_edges,0.9550438596491228,0.9622641509433962,54.72,52.26,65.72,63.24,0.9586540052962595,0.9579319761668321,0.9572099470374048
traffic_data_20260528_193200,baseline_more_edges,0.8923694779116466,0.9118372379778051,24.9,22.22,32.44,29.58,0.9021033579447258,0.9001565819381099,0.898209805931494
traffic_data_20260528_193700,baseline_original,0.9291659288117584,0.9374188896899786,56.47,52.47,69.35,65.01,0.9332924092508685,0.9324671131630464,0.9316418170752245
traffic_data_20260528_194200,baseline_more_edges,0.7747422680412371,0.8308475809385232,19.4,15.03,27.49,22.84,0.8027949244898802,0.7971843932001516,0.791573861910423
traffic_data_20260528_194700,baseline_more_edges,0.9529792262719243,0.9606665976606977,80.39,76.61,96.61,92.81,0.956822911966311,0.9560541748274336,0.9552854376885562
traffic_data_20260528_195200,baseline_more_edges_more_tls,0.9887387387387386,1.0027529249827942,8.88,8.78,14.53,14.57,0.9957458318607664,0.9943444132363609,0.9929429946119552
traffic_data_20260528_195700,baseline_more_edges,0.975618416380637,0.9759778911564625,84.49,82.43,94.08,91.82,0.9757981537685497,0.9757622062909672,0.9757262588133846
traffic_data_20260528_200200,adaptive,0.9366602687140115,0.9438001784121319,15.63,14.64,22.42,21.16,0.9402302235630717,0.9395162325932597,0.9388022416234476
traffic_data_20260528_200700,no_control,1.0,1.0,5.54,5.54,9.98,9.98,1.0,1.0,1.0
traffic_data_20260528_201200,adaptive,0.8697394789579158,0.8985576923076923,14.97,13.02,20.8,18.69,0.8841485856328041,0.8812667642978265,0.8783849429628487
traffic_data_20260528_201700,no_control,1.0,1.0,9.48,9.48,15.18,15.18,1.0,1.0,1.0
traffic_data_20260528_202200,baseline_more_edges_more_tls,0.9424404015056462,0.9472281449893389,63.76,60.09,75.04,71.08,0.9448342732474926,0.9443554988991234,0.943876724550754
traffic_data_20260528_202700,no_control,1.0,1.0,38.07,38.07,47.35,47.35,1.0,1.0,1.0
traffic_data_20260528_203200,no_control,1.0,1.0,57.62,57.62,67.96,67.96,1.0,1.0,1.0
traffic_data_20260528_203700,baseline_more_edges_more_tls,0.7996632996632996,0.8366897419760856,23.76,19.0,31.78,26.59,0.8181765208196926,0.8144738765884141,0.8107712323571354
traffic_data_20260528_204200,baseline_more_edges_more_tls,0.9619323241317899,0.9655988350928285,44.92,43.21,54.94,53.05,0.9637655796123092,0.9633989285162053,0.9630322774201014
traffic_data_20260528_204700,baseline_more_edges_more_tls,0.7615349474645957,0.8069289065319378,43.78,33.34,55.42,44.72,0.7842319269982667,0.7796925310915326,0.7751531351847984
traffic_data_20260528_205200,adaptive,0.8853247794707296,0.9171875,12.47,11.04,19.2,17.61,0.9012561397353649,0.8980698676824378,0.8948835956295107
traffic_data_20260528_205700,baseline_more_edges_more_tls,0.9962773382968824,0.9969471474909369,42.98,42.82,52.41,52.25,0.9966122428939097,0.9965452619745042,0.9964782810550987
traffic_data_20260528_210200,baseline_original,0.9743055555555555,0.9817629179331308,14.4,14.03,19.74,19.38,0.9780342367443431,0.9772885005065857,0.976542764268828
traffic_data_20260528_210700,baseline_more_edges,0.9949425287356322,0.9965108164689462,21.75,21.64,28.66,28.56,0.9957266726022892,0.9955698438289577,0.9954130150556264
traffic_data_20260528_211200,baseline_more_edges_more_tls,0.9366336633663366,0.9427911749615188,30.3,28.38,38.98,36.75,0.9397124191639277,0.9390966680044095,0.9384809168448912
traffic_data_20260528_211700,adaptive,0.883675799086758,0.8968269048071442,87.6,77.41,105.26,94.4,0.890251351946951,0.8889362413749125,0.8876211308028739
traffic_data_20260528_212200,baseline_more_edges_more_tls,0.8236179823617982,0.8463938337309598,46.49,38.29,54.49,46.12,0.835005908046379,0.8327283229094629,0.8304507377725466
traffic_data_20260528_212700,no_control,1.0,1.0,91.18,91.18,104.57,104.57,1.0,1.0,1.0
traffic_data_20260528_213200,adaptive,0.917579250720461,0.930774664469037,34.7,31.84,42.47,39.53,0.9241769575947489,0.9228574162198914,0.9215378748450338
traffic_data_20260528_213700,baseline_original,0.8513243378310844,0.8814114924797533,40.02,34.07,51.86,45.71,0.8663679151554189,0.863359199690552,0.860350484225685
traffic_data_20260528_214200,adaptive,0.9297078768909754,0.9335155822854019,76.68,71.29,91.45,85.37,0.9316117295881887,0.931230959048746,0.9308501885093033
traffic_data_20260528_214700,baseline_more_edges_more_tls,0.7019977802441731,0.7592288761279739,18.02,12.65,24.38,18.51,0.7306133281860735,0.7248902185976934,0.7191671090093134
traffic_data_20260528_215200,baseline_more_edges_more_tls,0.9474737368684344,0.9559533386967016,39.98,37.88,49.72,47.53,0.9517135377825681,0.9508655775997413,0.9500176174169146
traffic_data_20260528_215700,baseline_original,0.9299999999999999,0.9473942969518191,15.0,13.95,20.34,19.27,0.9386971484759095,0.9369577187807276,0.9352182890855456
traffic_data_20260528_220200,no_control,1.0,1.0,41.09,41.09,51.12,51.12,1.0,1.0,1.0
traffic_data_20260528_220700,baseline_more_edges,0.9495798319327732,0.9656652360515022,14.28,13.56,20.97,20.25,0.9576225339921377,0.9560139935802647,0.9544054531683919
traffic_data_20260528_221200,baseline_more_edges_more_tls,0.9031679617453675,0.925460636515913,16.73,15.11,23.88,22.1,0.9143142991306403,0.9120850316535858,0.9098557641765311
traffic_data_20260528_221700,baseline_original,0.9910714285714286,0.9921491658488715,13.44,13.32,20.38,20.22,0.99161029721015,0.9915025234824058,0.9913947497546615
traffic_data_20260528_222200,baseline_original,0.948030987734022,0.9619860356865788,30.98,29.37,38.67,37.2,0.9550085117103004,0.9536130069150447,0.952217502119789
traffic_data_20260528_222700,no_control,1.0,1.0,33.99,33.99,43.25,43.25,1.0,1.0,1.0
traffic_data_20260528_223200,baseline_more_edges_more_tls,0.8272577996715929,0.8479097909790979,60.9,50.38,72.72,61.66,0.8375837953253453,0.8355185961945948,0.8334533970638442
traffic_data_20260528_223700,adaptive,0.946077032810271,0.9499772623919964,35.05,33.16,43.98,41.78,0.9480271476011337,0.9476371246429611,0.9472471016847887
traffic_data_20260528_224200,no_control,1.0,1.0,18.8,18.8,25.25,25.25,1.0,1.0,1.0
traffic_data_20260528_224700,no_control,1.0,1.0,14.04,14.04,20.56,20.56,1.0,1.0,1.0
traffic_data_20260528_225200,baseline_more_edges_more_tls,0.886767895878525,0.9059550927432476,23.05,20.44,30.73,27.84,0.8963614943108863,0.8944427746244141,0.8925240549379417
traffic_data_20260528_225700,baseline_original,0.8962600178094389,0.9182918628110289,22.46,20.13,29.74,27.31,0.907275940310234,0.9050727558100748,0.902869571309916
traffic_data_20260528_230200,baseline_more_edges,0.976897689768977,0.9906007355946056,18.18,17.76,24.47,24.24,0.9837492126817913,0.9823789080992283,0.9810086035166656
traffic_data_20260528_230700,baseline_more_edges_more_tls,0.9618441971383147,0.9689750692520774,12.58,12.1,18.05,17.49,0.965409633195196,0.9646965459838197,0.9639834587724436
traffic_data_20260528_231200,baseline_more_edges_more_tls,0.9519906323185011,0.9592330978809285,42.7,40.65,49.55,47.53,0.9556118650997147,0.954887618543472,0.9541633719872293
traffic_data_20260528_231700,baseline_more_edges,0.9754098360655739,0.984009360374415,18.3,17.85,25.64,25.23,0.9797095982199944,0.9788496457891103,0.9779896933582262
traffic_data_20260528_232200,baseline_more_edges,0.9667447306791569,0.9794835514679874,21.35,20.64,28.27,27.69,0.9731141410735722,0.9718402589946891,0.970566376915806
traffic_data_20260528_232700,baseline_original,0.995017793594306,0.9990342829550942,14.05,13.98,20.71,20.69,0.9970260382747,0.9966243893386213,0.9962227404025424
traffic_data_20260528_233200,no_control,1.0,1.0,6.49,6.49,10.96,10.96,1.0,1.0,1.0
traffic_data_20260528_233700,baseline_original,0.9959644874899112,0.9939024390243902,12.39,12.34,18.04,17.93,0.9949334632571507,0.9951396681037028,0.9953458729502549
traffic_data_20260528_234200,no_control,1.0,1.0,10.59,10.59,15.38,15.38,1.0,1.0,1.0
traffic_data_20260528_234700,baseline_more_edges,0.989571263035921,0.9957386363636364,8.63,8.54,14.08,14.02,0.9926549496997787,0.9920382123670072,0.9914214750342356
traffic_data_20260528_235200,baseline_original,0.8753246753246753,0.9220077220077221,7.7,6.74,12.95,11.94,0.8986661986661987,0.893997893997894,0.8893295893295894
traffic_data_20260528_235700,baseline_more_edges,0.923076923076923,0.9481081081081081,12.22,11.28,18.5,17.54,0.9355925155925156,0.933089397089397,0.9305862785862786
traffic_data_20260529_000200,baseline_original,0.9123112659698026,0.9390756302521008,17.22,15.71,23.8,22.35,0.9256934481109518,0.9230170116827219,0.9203405752544922
traffic_data_20260529_000700,adaptive,0.9233610341643582,0.943217665615142,10.83,10.0,15.85,14.95,0.9332893498897501,0.9313036867446717,0.9293180235995934
traffic_data_20260529_001200,baseline_more_edges,0.8797524314765693,0.9082621082621082,11.31,9.95,17.55,15.94,0.8940072698693388,0.8911563021907849,0.8883053345122309
traffic_data_20260529_001700,baseline_more_edges_more_tls,0.9604072398190046,0.9756267409470752,8.84,8.49,14.36,14.01,0.9680169903830399,0.9664950402702328,0.9649730901574257
traffic_data_20260529_002200,baseline_original,0.9263592567102548,0.9442491210447012,14.53,13.46,19.91,18.8,0.935304188877478,0.9335152024440333,0.9317262160105887
traffic_data_20260529_002700,adaptive,0.9438510833079035,0.9506232023010546,32.77,30.93,41.72,39.66,0.947237142804479,0.9465599309051639,0.9458827190058487
traffic_data_20260529_003200,baseline_more_edges,0.9799472295514512,0.9850804868472713,18.95,18.57,25.47,25.09,0.9825138581993613,0.9820005324697791,0.9814872067401972
traffic_data_20260529_003700,adaptive,0.9529077117572692,0.9705806451612903,31.64,30.15,38.75,37.61,0.9617441784592797,0.9599768851188776,0.9582095917784755
traffic_data_20260529_004200,baseline_original,0.9996996996996997,0.9995229007633587,33.3,33.29,41.92,41.9,0.9996113002315292,0.9996289801251633,0.9996466600187974
traffic_data_20260529_004700,no_control,1.0,1.0,21.95,21.95,27.99,27.99,1.0,1.0,1.0
traffic_data_20260529_005200,adaptive,0.9588305489260143,0.965793918918919,16.76,16.07,23.68,22.87,0.9623122339224666,0.9616158969231762,0.9609195599238857
traffic_data_20260529_005700,baseline_original,0.8569350145489816,0.8889272162814764,20.62,17.67,28.99,25.77,0.872931115415229,0.8697318952419796,0.86653267506873
traffic_data_20260529_010200,baseline_more_edges_more_tls,0.9639344262295082,0.9745889387144991,9.15,8.82,13.38,13.04,0.9692616824720037,0.9681962312235046,0.9671307799750055
traffic_data_20260529_010700,baseline_original,0.9301839464882943,0.9436980166346769,23.92,22.25,31.26,29.5,0.9369409815614855,0.9355895745468473,0.9342381675322091
traffic_data_20260529_011200,baseline_more_edges_more_tls,0.9772549019607844,0.977407208176439,12.75,12.46,18.59,18.17,0.9773310550686116,0.9773158244470462,0.9773005938254807
traffic_data_20260529_011700,no_control,1.0,1.0,12.0,12.0,17.95,17.95,1.0,1.0,1.0
traffic_data_20260529_012200,no_control,1.0,1.0,12.65,12.65,18.15,18.15,1.0,1.0,1.0
traffic_data_20260529_012700,baseline_original,0.8697142857142858,0.912167026637869,8.75,7.61,13.89,12.67,0.8909406561760773,0.886695382083719,0.8824501079913607
traffic_data_20260529_013200,baseline_original,0.96048632218845,0.973139586085425,16.45,15.8,22.71,22.1,0.9668129541369375,0.96554762774724,0.9642823013575426
traffic_data_20260529_015200,no_control,1.0,1.0,21.24,21.24,28.01,28.01,1.0,1.0,1.0
traffic_data_20260529_015700,no_control,1.0,1.0,11.29,11.29,16.53,16.53,1.0,1.0,1.0
traffic_data_20260529_021700,no_control,1.0,1.0,9.33,9.33,14.52,14.52,1.0,1.0,1.0
traffic_data_20260529_023700,baseline_original,0.9813614262560778,0.9928767123287672,12.34,12.11,18.25,18.12,0.9871190692924225,0.9859675406851536,0.9848160120778846
traffic_data_20260529_024200,no_control,1.0,1.0,12.4,12.4,18.57,18.57,1.0,1.0,1.0
traffic_data_20260529_030200,baseline_more_edges_more_tls,0.929957805907173,0.9457409568261377,11.85,11.02,17.14,16.21,0.9378493813666553,0.9362710662747589,0.9346927511828624
traffic_data_20260529_033200,baseline_original,0.9505796217205613,0.9563218390804598,16.39,15.58,21.75,20.8,0.9534507304005105,0.9528765086645207,0.9523022869285308
traffic_data_20260529_033700,adaptive,0.897736143637783,0.9202819956616051,12.81,11.5,18.44,16.97,0.909009069649694,0.9067544844473118,0.9044998992449296
traffic_data_20260531_030809,adaptive,0.8874024526198439,0.9127659574468084,8.97,7.96,14.1,12.87,0.9000842050333262,0.8975478545506297,0.8950115040679332
