junction_id,tls_id,icid,name,x,y,connections
10178429922,10178429922,,,1821.13,1279.33,4
10834224418,10834224418,,,470.02,2015.33,3
11224250307,joinedS_11224250307_4375805940_4504820336_631822079_#2more,,,2347.17,1747.00,16
1140226515,1140226515,,,1126.13,1318.41,4
1140226550,1140226550,,,1172.60,1318.60,3
1140228862,1140228862,,,1303.44,1269.02,4
1140228864,1140228864,,,1341.56,1271.46,3
11510670762,joinedS_11510670762_3086736519_3086736520_3208478133_#21more,,,1958.98,1464.37,97
12185478575,joinedS_12185478575_1720485444_346114642_4514904152_#7more,,,783.29,684.04,45
1223756314,joinedS_1223756314_1223757286_2766951689_5247481909_#5more,,,967.72,662.36,28
1223756843,joinedS_1223756843_1446745543_6205739246_7723490183_#1more,,,904.40,431.90,19
1223757286,joinedS_1223756314_1223757286_2766951689_5247481909_#5more,,,974.00,685.21,28
12463368425,12463368425,,,1055.77,1674.96,3
12702149426,12702149426,,,3422.25,2091.70,2
13252372697,13252372697,,,1886.14,1086.05,4
13252372699,13252372699,,,1964.15,1083.77,3
13252373201,13252373201,,,1940.36,1052.66,1
13266803207,13266803207,,,3493.38,971.19,5
13275315722,joinedS_13275315722_6257336156,,,3421.70,568.82,1
13338382364,13338382364,,,1363.55,1443.47,4
13377838020,joinedS_13377838020_13377838031_13377838038_13377838039_#10more,,,1928.75,856.30,43
13377838023,13377838023,,,1928.86,1052.84,2
13377838025,13377838025,,,1929.08,1057.08,2
13377838029,joinedS_13377838029_13377838034_13377838040_13377838070_#18more,,,1931.90,651.62,70
13377838031,joinedS_13377838020_13377838031_13377838038_13377838039_#10more,,,1935.98,834.14,43
13377838034,joinedS_13377838029_13377838034_13377838040_13377838070_#18more,,,1925.07,650.77,70
13377838038,joinedS_13377838020_13377838031_13377838038_13377838039_#10more,,,1927.45,824.97,43
13377838039,joinedS_13377838020_13377838031_13377838038_13377838039_#10more,,,1927.87,834.24,43
13377838040,joinedS_13377838029_13377838034_13377838040_13377838070_#18more,,,1931.75,603.40,70
13377838055,joinedS_13377838020_13377838031_13377838038_13377838039_#10more,,,1935.75,824.77,43
13377838056,joinedS_13377838020_13377838031_13377838038_13377838039_#10more,,,1953.74,845.24,43
13377838057,joinedS_13377838020_13377838031_13377838038_13377838039_#10more,,,1898.15,846.66,43
13377838058,joinedS_13377838020_13377838031_13377838038_13377838039_#10more,,,1908.63,861.06,43
13377838059,joinedS_13377838020_13377838031_13377838038_13377838039_#10more,,,1918.65,860.69,43
13377838070,joinedS_13377838029_13377838034_13377838040_13377838070_#18more,,,1920.60,595.48,70
13377838071,joinedS_13377838071_13377838072_13377838078_13377838088_#7more,,,1918.65,459.01,36
13377838072,joinedS_13377838071_13377838072_13377838078_13377838088_#7more,,,1918.97,473.53,36
13377838078,joinedS_13377838071_13377838072_13377838078_13377838088_#7more,,,1927.69,447.47,36
13377838088,joinedS_13377838071_13377838072_13377838078_13377838088_#7more,,,1928.39,473.38,36
1446745542,joinedS_1446745542_1933369991_5051817844_6612040617_#4more,,,1058.18,320.54,35
1446745543,joinedS_1223756843_1446745543_6205739246_7723490183_#1more,,,897.54,406.96,19
1446842497,1446842497,,,998.25,773.45,9
1446842498,joinedS_1446842498_6547957810_6547957814,,,1517.64,771.53,10
1446842500,joinedS_1446842500_6547957811_6547957815,,,1505.16,774.35,10
1446842514,joinedS_1446842514_7723490826_7723490827,,,1208.68,852.72,25
1505012036,1505012036,,,526.83,1221.29,4
1505012053,1505012053,,,563.03,1352.52,4
1505012056,1505012056,,,472.27,1069.76,2
1505012059,1505012059,,,551.89,1357.75,3
1505012062,1505012062,,,568.87,1320.66,2
1505012108,1505012108,,,601.82,1439.62,2
1505012111,1505012111,,,484.00,1066.00,4
1505012119,1505012119,,,530.46,1184.55,2
1505012123,1505012123,,,517.41,1187.15,4
1720485436,joinedS_1720485436_4525805668_4539051860_4539051865_#1more,,,899.77,1104.42,24
1720485444,joinedS_12185478575_1720485444_346114642_4514904152_#7more,,,791.12,713.84,45
1720485456,joinedS_1720485456_4493660362_5247483226,,,935.84,1237.53,20
1720485460,joinedS_1720485460_5246621665_5246621671,,,854.13,950.76,20
1926948285,joinedS_1926948285_4493660382,,,731.61,1149.84,8
1933369991,joinedS_1446745542_1933369991_5051817844_6612040617_#4more,,,1062.74,331.35,35
1962923607,joinedS_1962923607_3196847535_7782558680_7782558681,,,3406.07,1721.83,24
2013717671,2013717671,,,2446.53,834.62,4
2031882172,joinedS_2031882172_5247483245,,,819.14,819.06,11
2038168688,joinedS_2038168688_4868328896_4868328897_4868328900_#2more,,,1714.12,1141.53,34
2142307087,joinedS_2142307087_2142307088_2144167929_4420563241_#3more,,,661.85,1964.33,29
2142307088,joinedS_2142307087_2142307088_2144167929_4420563241_#3more,,,639.97,1970.14,29
2144167929,joinedS_2142307087_2142307088_2144167929_4420563241_#3more,,,658.47,1956.77,29
2178660139,joinedS_2178660139_7723489436,,,1750.01,869.62,8
2178660154,2178660154,,,465.84,2016.44,1
244380192,244380192,,,514.65,1225.40,2
2444664369,2444664369,,,2179.22,1046.79,3
2461138530,joinedS_2461138530_6223079734_631821932_631822001,,,2806.73,1584.43,32
2462876030,joinedS_2462876030_4494235148_4494235153_4494235154_#2more,,,2814.03,990.50,23
2470723599,2470723599,,,2304.51,1877.39,2
2470723600,2470723600,,,2355.13,1877.82,3
2470723601,2470723601,,,3055.59,1943.15,4
2485874905,2485874905,,,1368.66,1432.09,1
2527532992,joinedS_2527532992_631822172_7578670143_7578670144_#3more,,,2710.25,1559.20,35
2528018119,joinedS_2528018119_4189528019_4217592189_4554226136_#4more,,,1928.08,1307.96,44
2528053325,joinedS_2528053325_623979890_6263888517_6263888518_#4more,,,3247.60,1707.13,39
25423625,joinedS_25423625_4436527894_4525683911_4525683912_#8more,,,3035.56,1362.59,50
2574671657,joinedS_2574671657_4494088912_4596732505,,,2626.51,560.94,11
2574671659,joinedS_2574671659_2574671661_4494088910_4494088911,,,2627.01,594.26,26
2574671661,joinedS_2574671659_2574671661_4494088910_4494088911,,,2627.54,606.15,26
2574671663,joinedS_2574671663_4494088909,,,2629.02,641.17,11
2609025103,2609025103,,,737.67,524.64,2
2617196619,2617196619,,,1373.93,285.41,3
2618719355,2618719355,,,450.79,899.97,2
2664674491,2664674491,,,1760.75,1563.79,2
269201135,joinedS_269201135_6299442133_6395490563_6395490564_#7more,,,1154.92,658.15,61
2727211119,joinedS_2727211119_965533210,,,762.93,1285.55,15
2730537727,joinedS_2730537727_5289258324_5289258326_5289258327,,,1025.63,1209.34,15
2730947343,2730947343,,,726.94,502.53,2
2737317148,2737317148,,,458.67,928.04,2
2749314012,2749314012,,,695.13,1628.43,2
2751243371,2751243371,,,580.47,1335.44,2
2751243401,2751243401,,,876.10,1692.95,2
2766951689,joinedS_1223756314_1223757286_2766951689_5247481909_#5more,,,970.86,673.77,28
280389382,joinedS_280389382_5247483151_5247483152,,,1075.62,1055.04,13
280389384,joinedS_280389384_5964684887_5964684891,,,1287.31,1137.32,23
280389385,joinedS_280389385_5289258331_5289258340_5289258341_#1more,,,1111.44,1185.39,15
280389388,joinedS_280389388_4539051863_7723489420_7723489421_#1more,,,1251.56,1007.87,32
280389389,280389389,,,555.21,1324.16,4
280389390,280389390,,,347.72,1399.15,1
280389395,joinedS_280389395_648173087_6681285081_6681285082_#2more,,,1551.19,924.14,28
2877022366,2877022366,,,2177.29,1032.01,3
292783107,292783107,,,1023.94,1555.02,3
292783108,292783108,,,677.99,1651.53,4
292783119,292783119,,,658.46,1607.30,4
292783128,joinedS_292783128_3536511946,,,1194.97,1489.48,8
3014990779,3014990779,,,1576.90,1183.47,4
302303166,joinedS_302303166_4436527890_4436527892_4487263612_#16more,,,3024.39,608.79,84
3039147936,3039147936,,,731.75,513.12,3
3083670357,3083670357,,,2101.46,657.33,2
3083670358,3083670358,,,2099.09,576.84,2
3083670359,3083670359,,,2100.43,622.36,2
3083670360,3083670360,,,2100.10,610.76,1
3086736518,joinedS_3086736518_4510431305_655375232_655375233_#5more,IK9KC,八德路二段-市民三段,2114.44,1373.58,37
3086736519,joinedS_11510670762_3086736519_3086736520_3208478133_#21more,,,1946.16,1425.54,97
3086736520,joinedS_11510670762_3086736519_3086736520_3208478133_#21more,,,1924.39,1432.60,97
3086736522,joinedS_3086736522_655375108_655375246_655375247_#8more,,,1728.40,1494.74,27
3091610524,joinedS_3091610524_619136999,,,2337.27,1254.23,7
3110834725,3110834725,,,2396.24,595.00,3
3110834726,3110834726,,,2396.26,602.08,1
3110834727,3110834727,,,2396.29,614.70,2
3110834728,3110834728,,,2396.30,622.31,3
3110835029,3110835029,,,2406.48,636.51,3
3110835030,3110835030,,,2450.36,630.03,2
3110835031,3110835031,,,2411.50,583.44,4
3110835032,3110835032,,,2447.83,581.36,1
3110835033,3110835033,,,2460.07,620.43,2
3110835034,3110835034,,,2460.10,592.78,2
3110835035,3110835035,,,2458.01,600.06,1
3110835036,3110835036,,,2457.92,611.59,3
3127048029,3127048029,,,430.53,665.12,2
3179725582,joinedS_3179725582_5296993490_5296993491_5296993494_#2more,,,2619.10,994.72,30
3196847535,joinedS_1962923607_3196847535_7782558680_7782558681,,,3405.69,1712.75,24
3196968797,joinedS_3196968797_4300984785_623979905,,,3280.77,1364.24,12
3196998925,3196998925,,,2593.75,1318.93,2
3196998955,3196998955,,,1418.34,1583.73,1
3196998957,3196998957,,,1425.30,1606.24,2
3196999068,joinedS_3196999068_656416051,,,1254.63,1665.95,7
3196999084,3196999084,,,778.65,1733.25,2
3208478121,3208478121,,,2283.36,1230.59,5
3208478133,joinedS_11510670762_3086736519_3086736520_3208478133_#21more,,,1947.33,1462.37,97
3298852247,3298852247,,,636.39,1624.86,1
3298852248,3298852248,,,667.20,1661.73,1
338639636,joinedS_338639636_5698897038_5698897039_5698897043_#2more,,,3018.42,378.67,30
339362247,339362247,,,3248.77,371.47,16
339362272,339362272,,,3241.91,82.04,1
346114642,joinedS_12185478575_1720485444_346114642_4514904152_#7more,,,784.83,689.96,45
3508602296,3508602296,,,596.79,1981.62,3
3536511946,joinedS_292783128_3536511946,,,1212.27,1485.07,8
3571770794,3571770794,,,671.68,1609.42,1
3708404967,3708404967,,,2703.85,1995.12,4
3945157130,joinedS_3945157130_4504820321_4504820323_4504820326_#4more,,,2697.48,1745.36,40
4189528015,4189528015,,,1646.32,1163.05,3
4189528016,4189528016,,,1650.08,1175.78,3
4189528019,joinedS_2528018119_4189528019_4217592189_4554226136_#4more,,,1927.64,1294.51,44
4202524185,joinedS_4202524185_4202524186_623915943_623915946_#8more,,,3031.08,1642.00,68
4202524186,joinedS_4202524185_4202524186_623915943_623915946_#8more,,,3031.49,1650.45,68
4205229682,4205229682,,,3061.15,2106.46,4
4205229688,4205229688,,,2706.97,2115.56,4
4206837811,4206837811,,,2386.37,420.83,5
4217590576,joinedS_13377838020_13377838031_13377838038_13377838039_#10more,,,1900.60,846.57,43
4217592189,joinedS_2528018119_4189528019_4217592189_4554226136_#4more,,,1910.10,1303.58,44
4217592191,joinedS_11510670762_3086736519_3086736520_3208478133_#21more,,,1913.00,1423.08,97
4217592192,joinedS_11510670762_3086736519_3086736520_3208478133_#21more,,,1912.93,1446.01,97
4217592193,joinedS_11510670762_3086736519_3086736520_3208478133_#21more,,,1916.65,1476.54,97
4217592199,joinedS_4217592199_4502831467_4502831468_4502831471_#4more,,,1926.30,1762.63,34
4225603096,joinedS_4225603096_632569633,,,1963.62,2136.53,3
4225603097,joinedS_4225603097_632569632,,,1947.92,2137.01,3
423776328,423776328,,,1033.31,901.06,9
4266714993,joinedS_4266714993_4266714994,,,2604.80,1343.06,5
4266714994,joinedS_4266714993_4266714994,,,2590.59,1343.76,5
4300984785,joinedS_3196968797_4300984785_623979905,,,3289.11,1364.53,12
4301010134,4301010134,,,2192.76,1044.71,3
4301010138,4301010138,,,1935.42,1103.83,4
4301010139,4301010139,,,1921.64,1107.91,4
4335733870,joinedS_4335733870_631822170,,,1408.09,2149.94,2
4374470814,joinedS_4374470814_4374470816_4502831484_4502831485_#2more,,,1937.49,1621.89,37
4374470816,joinedS_4374470814_4374470816_4502831484_4502831485_#2more,,,1950.86,1621.46,37
4375805940,joinedS_11224250307_4375805940_4504820336_631822079_#2more,,,2350.26,1735.90,16
4420563241,joinedS_2142307087_2142307088_2144167929_4420563241_#3more,,,638.24,1961.51,29
4436527890,joinedS_302303166_4436527890_4436527892_4487263612_#16more,,,2993.73,568.73,84
4436527892,joinedS_302303166_4436527890_4436527892_4487263612_#16more,,,2995.35,609.82,84
4436527894,joinedS_25423625_4436527894_4525683911_4525683912_#8more,,,3014.87,1335.73,50
4484171377,4484171377,,,2303.79,1865.86,2
4484171378,4484171378,,,2354.43,1865.69,3
4484171381,4484171381,,,2304.89,1886.36,2
4484171383,4484171383,,,2355.37,1886.08,3
4487263612,joinedS_302303166_4436527890_4436527892_4487263612_#16more,,,2994.83,596.70,84
4487263613,joinedS_302303166_4436527890_4436527892_4487263612_#16more,,,2994.27,582.61,84
4493660353,4493660353,,,543.33,1202.23,2
4493660362,joinedS_1720485456_4493660362_5247483226,,,933.30,1228.14,20
4493660382,joinedS_1926948285_4493660382,,,739.95,1147.40,8
4494088909,joinedS_2574671663_4494088909,,,2615.38,642.14,11
4494088910,joinedS_2574671659_2574671661_4494088910_4494088911,,,2613.22,606.92,26
4494088911,joinedS_2574671659_2574671661_4494088910_4494088911,,,2612.95,595.04,26
4494088912,joinedS_2574671657_4494088912_4596732505,,,2612.20,561.51,11
4494088913,4494088913,,,2744.74,557.13,2
4494088914,4494088914,,,2745.43,590.74,1
4494088915,4494088915,,,2745.69,602.93,2
4494088916,joinedS_4494088916_619136871,,,2746.40,637.78,7
4494235148,joinedS_2462876030_4494235148_4494235153_4494235154_#2more,,,2809.55,990.59,23
4494235153,joinedS_2462876030_4494235148_4494235153_4494235154_#2more,,,2826.29,990.23,23
4494235154,joinedS_2462876030_4494235148_4494235153_4494235154_#2more,,,2808.65,1006.37,23
4494235155,joinedS_2462876030_4494235148_4494235153_4494235154_#2more,,,2826.88,1005.95,23
4502831460,joinedS_4502831460_4502831461_4502831464_4502831465_#2more,,,1959.33,1962.45,33
4502831461,joinedS_4502831460_4502831461_4502831464_4502831465_#2more,,,1945.31,1962.53,33
4502831464,joinedS_4502831460_4502831461_4502831464_4502831465_#2more,,,1959.76,1946.06,33
4502831465,joinedS_4502831460_4502831461_4502831464_4502831465_#2more,,,1945.25,1946.28,33
4502831467,joinedS_4217592199_4502831467_4502831468_4502831471_#4more,,,1954.52,1774.45,34
4502831468,joinedS_4217592199_4502831467_4502831468_4502831471_#4more,,,1937.16,1775.03,34
4502831471,joinedS_4217592199_4502831467_4502831468_4502831471_#4more,,,1956.38,1747.77,34
4502831472,joinedS_4217592199_4502831467_4502831468_4502831471_#4more,,,1939.81,1748.26,34
4502831479,joinedS_4217592199_4502831467_4502831468_4502831471_#4more,,,1965.73,1761.31,34
4502831484,joinedS_4374470814_4374470816_4502831484_4502831485_#2more,,,1949.99,1603.51,37
4502831485,joinedS_4374470814_4374470816_4502831484_4502831485_#2more,,,1936.92,1603.49,37
4504820291,joinedS_4504820291_4510462195_4510564553_5296993479_#5more,,,3049.43,998.79,51
4504820299,4504820299,,,3030.71,1224.97,3
4504820301,joinedS_4504820301_619120359,,,3045.14,1221.99,7
4504820306,joinedS_13377838029_13377838034_13377838040_13377838070_#18more,,,1892.00,610.37,70
4504820309,joinedS_13377838071_13377838072_13377838078_13377838088_#7more,,,1934.15,451.57,36
4504820313,joinedS_13377838071_13377838072_13377838078_13377838088_#7more,,,1903.10,474.14,36
4504820317,joinedS_13377838071_13377838072_13377838078_13377838088_#7more,,,1921.16,447.65,36
4504820318,joinedS_13377838071_13377838072_13377838078_13377838088_#7more,,,1902.46,448.17,36
4504820321,joinedS_3945157130_4504820321_4504820323_4504820326_#4more,,,2709.73,1741.06,40
4504820323,joinedS_3945157130_4504820321_4504820323_4504820326_#4more,,,2685.79,1741.82,40
4504820326,joinedS_3945157130_4504820321_4504820323_4504820326_#4more,,,2697.09,1728.91,40
4504820336,joinedS_11224250307_4375805940_4504820336_631822079_#2more,,,2357.50,1752.08,16
4504820342,4504820342,,,2575.82,1745.21,2
4510426998,4510426998,,,978.04,1389.12,3
4510426999,4510426999,,,1153.54,1337.76,1
4510427001,4510427001,,,1329.19,1288.55,1
4510427014,4510427014,,,1318.68,1250.63,6
4510427015,4510427015,,,1143.18,1299.96,1
4510427018,4510427018,,,966.72,1348.39,2
4510431303,joinedS_11510670762_3086736519_3086736520_3208478133_#21more,,,1947.53,1399.58,97
4510431305,joinedS_3086736518_4510431305_655375232_655375233_#5more,IK9KC,八德路二段-市民三段,2081.18,1354.37,37
4510442270,joinedS_4510442270_4510564528_5296993511_5296993513_#3more,,,2396.40,999.54,23
4510462195,joinedS_4504820291_4510462195_4510564553_5296993479_#5more,,,3049.27,984.96,51
4510564528,joinedS_4510442270_4510564528_5296993511_5296993513_#3more,,,2376.15,1029.24,23
4510564553,joinedS_4504820291_4510462195_4510564553_5296993479_#5more,,,3022.91,965.24,51
4510564557,joinedS_4510564557_5296993506_5296993507_619136899_#3more,,,2338.06,993.27,25
4514904152,joinedS_12185478575_1720485444_346114642_4514904152_#7more,,,803.07,711.96,45
4514945003,4514945003,,,538.75,1346.10,3
4525683884,4525683884,,,691.59,1717.05,1
4525683886,4525683886,,,705.08,1712.87,4
4525683887,4525683887,,,715.14,1709.75,1
4525683891,4525683891,,,1056.65,1678.29,3
4525683900,joinedS_11510670762_3086736519_3086736520_3208478133_#21more,,,1924.24,1403.39,97
4525683911,joinedS_25423625_4436527894_4525683911_4525683912_#8more,,,3034.04,1327.59,50
4525683912,joinedS_25423625_4436527894_4525683911_4525683912_#8more,,,3048.82,1328.20,50
4525805658,joinedS_12185478575_1720485444_346114642_4514904152_#7more,,,772.63,691.90,45
4525805659,joinedS_12185478575_1720485444_346114642_4514904152_#7more,,,776.07,704.22,45
4525805660,joinedS_12185478575_1720485444_346114642_4514904152_#7more,,,779.37,715.95,45
4525805668,joinedS_1720485436_4525805668_4539051860_4539051865_#1more,,,887.19,1107.18,24
4525808736,4525808736,,,1032.12,334.72,4
4539051860,joinedS_1720485436_4525805668_4539051860_4539051865_#1more,,,902.90,1116.62,24
4539051863,joinedS_280389388_4539051863_7723489420_7723489421_#1more,,,1248.02,995.04,32
4539051865,joinedS_1720485436_4525805668_4539051860_4539051865_#1more,,,895.60,1092.67,24
4539053919,4539053919,,,489.00,1037.05,2
4539178732,joinedS_4539178732_4539178751_6207335476_6207335477_#11more,,,1477.78,624.15,68
4539178751,joinedS_4539178732_4539178751_6207335476_6207335477_#11more,,,1445.17,624.66,68
4554226136,joinedS_2528018119_4189528019_4217592189_4554226136_#4more,,,1945.13,1297.94,44
4554226139,joinedS_2528018119_4189528019_4217592189_4554226136_#4more,,,1923.61,1323.84,44
4554226140,joinedS_2528018119_4189528019_4217592189_4554226136_#4more,,,1946.05,1324.98,44
4554226145,joinedS_11510670762_3086736519_3086736520_3208478133_#21more,,,1946.67,1442.22,97
4554226146,joinedS_11510670762_3086736519_3086736520_3208478133_#21more,,,1924.74,1450.14,97
4554226150,joinedS_11510670762_3086736519_3086736520_3208478133_#21more,,,1957.82,1408.90,97
4554226151,joinedS_11510670762_3086736519_3086736520_3208478133_#21more,,,1958.31,1432.05,97
4554226152,joinedS_11510670762_3086736519_3086736520_3208478133_#21more,,,1958.88,1459.25,97
4554226155,joinedS_11510670762_3086736519_3086736520_3208478133_#21more,,,1946.05,1484.46,97
4554226156,joinedS_11510670762_3086736519_3086736520_3208478133_#21more,,,1933.37,1497.86,97
4596732505,joinedS_2574671657_4494088912_4596732505,,,2653.53,560.50,11
4610189786,4610189786,,,1901.39,1098.15,3
4777363344,joinedS_4777363344_622618015_622618144_622618197_#2more,IK7KP,建國南一段-市民三段,2349.19,1333.91,18
4777363351,4777363351,,,2341.60,1161.91,1
4777363353,4777363353,,,2289.35,1164.88,2
4833227610,4833227610,,,1124.01,1915.02,2
4833227611,4833227611,,,1117.04,1917.13,2
4864772559,4864772559,,,1660.85,2143.90,2
4864772564,joinedS_4864772564_654299592,,,1440.80,2149.28,1
4865615257,4865615257,,,1045.90,1691.25,2
4865615260,4865615260,,,1005.52,1542.04,2
4865642923,joinedS_13377838029_13377838034_13377838040_13377838070_#18more,,,1912.90,649.23,70
4865642925,joinedS_13377838020_13377838031_13377838038_13377838039_#10more,,,1913.52,834.42,43
4865642928,4865642928,,,1919.51,1057.35,4
4865642929,4865642929,,,1960.23,1084.55,3
4865642930,4865642930,,,1957.20,1069.06,3
4865642935,joinedS_13377838020_13377838031_13377838038_13377838039_#10more,,,1918.54,856.51,43
4865642942,joinedS_13377838020_13377838031_13377838038_13377838039_#10more,,,1947.88,845.53,43
4865642948,joinedS_13377838029_13377838034_13377838040_13377838070_#18more,,,1940.11,642.41,70
4865642949,joinedS_13377838029_13377838034_13377838040_13377838070_#18more,,,1939.79,626.52,70
4865642950,joinedS_13377838029_13377838034_13377838040_13377838070_#18more,,,1939.57,615.54,70
4865642951,joinedS_13377838029_13377838034_13377838040_13377838070_#18more,,,1939.33,601.96,70
4865642952,joinedS_13377838029_13377838034_13377838040_13377838070_#18more,,,1906.17,599.38,70
4865642960,joinedS_13377838029_13377838034_13377838040_13377838070_#18more,,,1892.77,635.16,70
4865642961,joinedS_13377838029_13377838034_13377838040_13377838070_#18more,,,1892.42,624.03,70
4868136585,4868136585,,,2311.55,2130.16,2
4868136586,joinedS_4868136586_631821700,,,2360.40,2127.88,3
4868177051,4868177051,,,1706.48,1250.69,4
4868177053,joinedS_4868177053_4868177068_655375228_655375239_#1more,IJTJ9,八德路一段-金山北路,1662.56,1239.65,27
4868177058,4868177058,,,1834.85,1282.93,4
4868177064,4868177064,,,1606.31,1174.74,4
4868177065,4868177065,,,1609.89,1188.11,3
4868177068,joinedS_4868177053_4868177068_655375228_655375239_#1more,IJTJ9,八德路一段-金山北路,1620.92,1229.17,27
4868328888,joinedS_4868328888_619136977,,,2440.21,117.62,1
4868328896,joinedS_2038168688_4868328896_4868328897_4868328900_#2more,,,1730.71,1150.42,34
4868328897,joinedS_2038168688_4868328896_4868328897_4868328900_#2more,,,1726.41,1137.38,34
4868328900,joinedS_2038168688_4868328896_4868328897_4868328900_#2more,,,1707.49,1157.50,34
4868328901,joinedS_2038168688_4868328896_4868328897_4868328900_#2more,,,1703.59,1145.04,34
4977753976,joinedS_4977753976_631821694_631822077,,,2300.25,1737.79,16
5031897372,joinedS_5031897372_5031897373_656132471,,,2132.09,1756.05,20
5031897373,joinedS_5031897372_5031897373_656132471,,,2117.74,1756.48,20
5041554589,5041554589,,,3055.83,1950.05,4
5041554590,5041554590,,,3069.98,1949.97,4
5041554594,5041554594,,,3069.53,1937.40,4
5041554595,5041554595,,,3055.41,1937.82,4
5051817838,joinedS_5051817838_5646958165_648172976,,,1353.20,196.55,5
5051817839,joinedS_5051817839_648172987_648173036,,,1364.19,194.91,6
5051817844,joinedS_1446745542_1933369991_5051817844_6612040617_#4more,,,1054.20,311.02,35
5123835061,5123835061,,,883.00,1733.64,2
5181734076,joinedS_5181734076_618649333,,,3010.57,105.17,3
5192834728,5192834728,,,564.47,1445.95,1
5235938238,joinedS_2142307087_2142307088_2144167929_4420563241_#3more,,,665.82,1971.54,29
5246605981,joinedS_5246605981_656416177,,,886.09,2173.56,1
5246620165,5246620165,,,958.66,1379.07,3
5246620166,5246620166,,,954.73,1365.88,4
5246620167,5246620167,,,989.98,1370.06,4
5246620168,5246620168,,,986.19,1356.99,4
5246620175,joinedS_1720485436_4525805668_4539051860_4539051865_#1more,,,913.01,1100.20,24
5246620180,5246620180,,,790.09,1410.53,3
5246620181,5246620181,,,794.42,1425.45,3
5246620186,5246620186,,,810.66,1421.05,3
5246620187,5246620187,,,806.00,1406.28,4
5246620212,5246620212,,,575.77,1446.52,2
5246620216,5246620216,,,436.47,1373.47,3
5246621623,5246621623,,,570.58,1326.71,2
5246621626,5246621626,,,545.24,1333.22,2
5246621630,5246621630,,,550.98,1354.25,3
5246621633,5246621633,,,576.32,1347.24,2
5246621635,5246621635,,,626.16,1471.84,3
5246621637,5246621637,,,618.38,1454.82,3
5246621665,joinedS_1720485460_5246621665_5246621671,,,856.74,959.90,20
5246621671,joinedS_1720485460_5246621665_5246621671,,,851.01,939.01,20
5247481909,joinedS_1223756314_1223757286_2766951689_5247481909_#5more,,,966.24,686.35,28
5247481910,joinedS_1223756314_1223757286_2766951689_5247481909_#5more,,,963.03,675.07,28
5247481911,joinedS_1223756314_1223757286_2766951689_5247481909_#5more,,,959.75,663.56,28
5247483139,5247483139,,,826.26,845.83,2
5247483151,joinedS_280389382_5247483151_5247483152,,,1066.75,1057.40,13
5247483152,joinedS_280389382_5247483151_5247483152,,,1084.62,1052.63,13
5247483191,5247483191,,,442.06,687.37,2
5247483195,5247483195,,,436.22,676.09,4
5247483205,5247483205,,,513.83,1222.54,2
5247483208,5247483208,,,539.50,1216.69,2
5247483210,5247483210,,,507.03,1197.89,2
5247483212,5247483212,,,519.41,1194.39,4
5247483213,5247483213,,,532.20,1190.77,2
5247483215,5247483215,,,470.56,1063.06,2
5247483218,5247483218,,,494.56,1056.95,2
5247483226,joinedS_1720485456_4493660362_5247483226,,,938.68,1247.37,20
5247483237,joinedS_12185478575_1720485444_346114642_4514904152_#7more,,,795.62,688.64,45
5247483238,joinedS_12185478575_1720485444_346114642_4514904152_#7more,,,799.50,700.61,45
5247483239,joinedS_12185478575_1720485444_346114642_4514904152_#7more,,,793.30,721.90,45
5247483245,joinedS_2031882172_5247483245,,,817.75,813.82,11
5274858127,joinedS_13377838071_13377838072_13377838078_13377838088_#7more,,,1889.41,471.63,36
5289258324,joinedS_2730537727_5289258324_5289258326_5289258327,,,1035.87,1206.49,15
5289258326,joinedS_2730537727_5289258324_5289258326_5289258327,,,1020.27,1211.02,15
5289258327,joinedS_2730537727_5289258324_5289258326_5289258327,,,1028.80,1219.85,15
5289258331,joinedS_280389385_5289258331_5289258340_5289258341_#1more,,,1114.29,1195.73,15
5289258335,5289258335,,,1136.04,1247.68,1
5289258340,joinedS_280389385_5289258331_5289258340_5289258341_#1more,,,1120.81,1182.79,15
5289258341,joinedS_280389385_5289258331_5289258340_5289258341_#1more,,,1109.38,1177.88,15
5289258352,joinedS_280389385_5289258331_5289258340_5289258341_#1more,,,1103.48,1187.60,15
5296993479,joinedS_4504820291_4510462195_4510564553_5296993479_#5more,,,3036.72,1017.27,51
5296993480,joinedS_4504820291_4510462195_4510564553_5296993479_#5more,,,3035.15,965.06,51
5296993490,joinedS_3179725582_5296993490_5296993491_5296993494_#2more,,,2612.26,1010.91,30
5296993491,joinedS_3179725582_5296993490_5296993491_5296993494_#2more,,,2611.84,994.87,30
5296993494,joinedS_3179725582_5296993490_5296993491_5296993494_#2more,,,2627.91,994.66,30
5296993495,joinedS_3179725582_5296993490_5296993491_5296993494_#2more,,,2628.28,1010.46,30
5296993497,joinedS_4504820291_4510462195_4510564553_5296993479_#5more,,,3023.50,1017.52,51
5296993501,joinedS_4504820291_4510462195_4510564553_5296993479_#5more,,,3006.77,1001.21,51
5296993502,joinedS_4504820291_4510462195_4510564553_5296993479_#5more,,,3006.36,986.14,51
5296993506,joinedS_4510564557_5296993506_5296993507_619136899_#3more,,,2306.25,1009.62,25
5296993507,joinedS_4510564557_5296993506_5296993507_619136899_#3more,,,2318.89,1036.57,25
5296993511,joinedS_4510442270_4510564528_5296993511_5296993513_#3more,,,2394.10,1015.96,23
5296993513,joinedS_4510442270_4510564528_5296993511_5296993513_#3more,,,2391.33,986.81,23
5372642448,5372642448,,,1897.60,1082.56,4
5372642451,5372642451,,,2190.14,1029.88,3
5382973791,joinedS_5382973791_5382973795_5382973796_5621025627_#2more,,,3280.14,993.38,35
5382973795,joinedS_5382973791_5382973795_5382973796_5621025627_#2more,,,3256.74,993.99,35
5382973796,joinedS_5382973791_5382973795_5382973796_5621025627_#2more,,,3257.42,979.45,35
5606214967,5606214967,,,3518.62,1720.08,3
5606214968,5606214968,,,3518.30,1711.96,3
5621025627,joinedS_5382973791_5382973795_5382973796_5621025627_#2more,,,3279.60,978.41,35
5646958165,joinedS_5051817838_5646958165_648172976,,,1338.33,188.92,5
5698897038,joinedS_338639636_5698897038_5698897039_5698897043_#2more,,,3018.69,388.24,30
5698897039,joinedS_338639636_5698897038_5698897039_5698897043_#2more,,,3005.49,388.47,30
5698897043,joinedS_338639636_5698897038_5698897039_5698897043_#2more,,,3018.16,369.92,30
5698897044,joinedS_338639636_5698897038_5698897039_5698897043_#2more,,,3004.92,370.68,30
5699174914,5699174914,,,2442.27,196.34,1
5781854188,5781854188,,,725.35,531.26,2
5781854190,5781854190,,,712.52,509.49,2
5781854194,5781854194,,,749.46,518.04,2
5781854195,5781854195,,,743.09,506.87,3
5781854196,5781854196,,,737.38,496.87,2
5849716100,5849716100,,,1308.01,1267.82,4
5964684887,joinedS_280389384_5964684887_5964684891,,,1291.08,1150.88,23
5964684891,joinedS_280389384_5964684887_5964684891,,,1285.43,1130.42,23
5964684945,5964684945,,,1721.93,1447.90,1
5964684946,5964684946,,,1690.19,1453.85,1
5964684950,5964684950,,,1311.16,1279.70,3
5964684953,5964684953,,,1338.42,1272.28,3
5964684954,5964684954,,,1334.80,1259.95,3
5991639162,5991639162,,,1035.96,1533.23,2
6124977756,6124977756,,,3242.09,92.21,2
6153748466,joinedS_6153748466_6153748471_618649239,,,3015.70,284.09,10
6153748467,6153748467,,,3002.18,284.37,1
6153748471,joinedS_6153748466_6153748471_618649239,,,3014.97,258.48,10
6153748472,6153748472,,,3001.35,258.71,1
618649239,joinedS_6153748466_6153748471_618649239,,,3015.49,276.72,10
618649290,joinedS_302303166_4436527890_4436527892_4487263612_#16more,,,3023.60,581.64,84
618649292,joinedS_618649292_618649300_618649328_618649339_#10more,,,3253.53,574.67,53
618649298,joinedS_302303166_4436527890_4436527892_4487263612_#16more,,,3023.20,567.77,84
618649300,joinedS_618649292_618649300_618649328_618649339_#10more,,,3253.27,560.53,53
618649316,618649316,,,3461.74,364.82,2
618649328,joinedS_618649292_618649300_618649328_618649339_#10more,,,3253.91,587.56,53
618649329,joinedS_302303166_4436527890_4436527892_4487263612_#16more,,,3023.97,594.39,84
618649339,joinedS_618649292_618649300_618649328_618649339_#10more,,,3254.23,600.97,53
618865986,joinedS_302303166_4436527890_4436527892_4487263612_#16more,,,3010.92,609.29,84
618865992,joinedS_302303166_4436527890_4436527892_4487263612_#16more,,,3010.48,595.48,84
618865996,joinedS_302303166_4436527890_4436527892_4487263612_#16more,,,3010.05,582.08,84
618866003,joinedS_302303166_4436527890_4436527892_4487263612_#16more,,,3009.62,568.34,84
618866010,joinedS_338639636_5698897038_5698897039_5698897043_#2more,,,3005.22,380.21,30
618866230,joinedS_618866230_619136879_6257336101_6257336102_#2more,,,3030.29,793.02,30
618866534,joinedS_618866534_619120421_6397118896_6397118897_#2more,,,3372.50,975.49,31
618866597,joinedS_5382973791_5382973795_5382973796_5621025627_#2more,,,3266.10,979.11,35
618866856,618866856,,,3257.24,699.59,1
618866932,joinedS_5382973791_5382973795_5382973796_5621025627_#2more,,,3270.25,993.65,35
618955584,joinedS_25423625_4436527894_4525683911_4525683912_#8more,,,3034.51,1338.03,50
618955585,joinedS_25423625_4436527894_4525683911_4525683912_#8more,,,3049.43,1339.67,50
618955703,joinedS_25423625_4436527894_4525683911_4525683912_#8more,,,3050.01,1364.38,50
619120359,joinedS_4504820301_619120359,,,3044.91,1215.31,7
619120421,joinedS_618866534_619120421_6397118896_6397118897_#2more,,,3372.55,990.19,31
619136809,619136809,,,3001.69,269.12,1
619136815,619136815,,,2442.49,201.23,1
619136868,619136868,,,2781.97,991.19,6
619136871,joinedS_4494088916_619136871,,,2772.72,636.63,7
619136879,joinedS_618866230_619136879_6257336101_6257336102_#2more,,,3018.39,793.44,30
619136881,joinedS_4510442270_4510564528_5296993511_5296993513_#3more,,,2371.03,1017.14,23
619136899,joinedS_4510564557_5296993506_5296993507_619136899_#3more,,,2336.64,1021.14,25
619136929,joinedS_4510564557_5296993506_5296993507_619136899_#3more,,,2331.30,1005.34,25
619136931,joinedS_4510442270_4510564528_5296993511_5296993513_#3more,,,2386.61,999.76,23
619136941,joinedS_4510442270_4510564528_5296993511_5296993513_#3more,,,2380.75,1016.27,23
619136942,joinedS_4510564557_5296993506_5296993507_619136899_#3more,,,2323.23,1022.93,25
619136943,joinedS_4510564557_5296993506_5296993507_619136899_#3more,,,2307.45,1025.70,25
619136981,619136981,,,2465.93,418.29,1
619136985,619136985,,,2447.72,573.29,1
619136986,619136986,,,2468.95,591.38,2
619136987,619136987,,,2470.40,611.26,3
619136988,619136988,,,2470.66,621.20,2
619136999,joinedS_3091610524_619136999,,,2336.76,1233.56,7
619137010,619137010,,,2406.39,632.81,3
619137012,619137012,,,2469.96,599.71,1
619137047,619137047,,,2830.26,96.05,1
619137631,619137631,,,2194.32,654.03,2
6205739246,joinedS_1223756843_1446745543_6205739246_7723490183_#1more,,,901.10,419.77,19
6207335476,joinedS_4539178732_4539178751_6207335476_6207335477_#11more,,,1464.75,614.88,68
6207335477,joinedS_4539178732_4539178751_6207335476_6207335477_#11more,,,1453.33,615.07,68
6223079734,joinedS_2461138530_6223079734_631821932_631822001,,,2812.42,1592.88,32
622617470,joinedS_622617470_623979803_7782558672_7782558673_#3more,,,3346.71,1721.28,37
622617687,joinedS_622617687_622617973,,,2896.17,1322.19,6
622617839,joinedS_2462876030_4494235148_4494235153_4494235154_#2more,,,2814.33,1006.24,23
622617930,joinedS_3179725582_5296993490_5296993491_5296993494_#2more,,,2619.44,1010.74,30
622617973,joinedS_622617687_622617973,,,2871.13,1319.34,6
622618015,joinedS_4777363344_622618015_622618144_622618197_#2more,IK7KP,建國南一段-市民三段,2340.53,1349.36,18
622618112,joinedS_622618112_622618230_7723489785_7723489786,IK7KP,建國南一段-市民三段,2284.99,1338.13,14
622618144,joinedS_4777363344_622618015_622618144_622618197_#2more,IK7KP,建國南一段-市民三段,2340.80,1356.93,18
622618197,joinedS_4777363344_622618015_622618144_622618197_#2more,IK7KP,建國南一段-市民三段,2340.03,1334.48,18
622618230,joinedS_622618112_622618230_7723489785_7723489786,IK7KP,建國南一段-市民三段,2285.68,1360.97,14
623915943,joinedS_4202524185_4202524186_623915943_623915946_#8more,,,3060.15,1657.29,68
623915946,joinedS_4202524185_4202524186_623915943_623915946_#8more,,,3045.95,1653.82,68
623915996,joinedS_4202524185_4202524186_623915943_623915946_#8more,,,3045.67,1645.78,68
623916005,joinedS_4202524185_4202524186_623915943_623915946_#8more,,,3059.94,1649.65,68
623979702,joinedS_13377838029_13377838034_13377838040_13377838070_#18more,,,1928.00,626.81,70
623979703,joinedS_13377838029_13377838034_13377838040_13377838070_#18more,,,1906.61,623.62,70
623979704,joinedS_13377838029_13377838034_13377838040_13377838070_#18more,,,1906.22,608.20,70
623979705,joinedS_13377838029_13377838034_13377838040_13377838070_#18more,,,1927.48,616.17,70
623979803,joinedS_622617470_623979803_7782558672_7782558673_#3more,,,3346.89,1712.91,37
623979890,joinedS_2528053325_623979890_6263888517_6263888518_#4more,,,3252.66,1700.29,39
623979905,joinedS_3196968797_4300984785_623979905,,,3260.85,1387.04,12
623980090,joinedS_623980090_623980094,,,2342.83,1494.55,15
623980094,joinedS_623980090_623980094,,,2343.19,1502.55,15
623980147,joinedS_623980147_623980152_6982059029_6982059030,,,2291.27,1492.06,21
623980152,joinedS_623980147_623980152_6982059029_6982059030,,,2291.28,1483.48,21
6246297795,6246297795,,,3505.24,985.68,4
6246297796,6246297796,,,3504.93,970.71,5
6246456950,6246456950,,,3425.20,555.06,3
6256180026,joinedS_6256180026_656132459,,,1632.55,1740.32,5
6256180031,joinedS_6256180031_6256180034_6256180035_6256180040_#5more,,,1606.53,1719.64,50
6256180034,joinedS_6256180031_6256180034_6256180035_6256180040_#5more,,,1587.79,1728.11,50
6256180035,joinedS_6256180031_6256180034_6256180035_6256180040_#5more,,,1613.73,1764.18,50
6256180040,joinedS_6256180031_6256180034_6256180035_6256180040_#5more,,,1587.08,1746.55,50
6256180046,joinedS_6256180031_6256180034_6256180035_6256180040_#5more,,,1649.39,1781.75,50
6256180048,joinedS_6256180031_6256180034_6256180035_6256180040_#5more,,,1660.77,1770.46,50
6257336101,joinedS_618866230_619136879_6257336101_6257336102_#2more,,,3030.50,800.48,30
6257336102,joinedS_618866230_619136879_6257336101_6257336102_#2more,,,3018.62,800.80,30
6257336129,joinedS_618649292_618649300_618649328_618649339_#10more,,,3254.46,608.76,53
6257336154,6257336154,,,3428.98,594.92,2
6257336155,6257336155,,,3428.21,580.38,2
6257338686,joinedS_302303166_4436527890_4436527892_4487263612_#16more,,,3024.68,619.12,84
6257338687,joinedS_302303166_4436527890_4436527892_4487263612_#16more,,,3011.26,619.98,84
6257338688,joinedS_302303166_4436527890_4436527892_4487263612_#16more,,,3022.94,558.61,84
6257338689,joinedS_302303166_4436527890_4436527892_4487263612_#16more,,,3009.36,560.43,84
6257338692,joinedS_302303166_4436527890_4436527892_4487263612_#16more,,,3035.26,608.38,84
6257338693,joinedS_302303166_4436527890_4436527892_4487263612_#16more,,,3034.80,593.52,84
6257338694,joinedS_302303166_4436527890_4436527892_4487263612_#16more,,,3034.40,581.28,84
6257338695,joinedS_302303166_4436527890_4436527892_4487263612_#16more,,,3034.99,567.28,84
6257338707,joinedS_618649292_618649300_618649328_618649339_#10more,,,3253.04,549.01,53
6257338969,joinedS_25423625_4436527894_4525683911_4525683912_#8more,,,3011.35,1359.76,50
6263888503,joinedS_4202524185_4202524186_623915943_623915946_#8more,,,3060.43,1667.63,68
6263888504,joinedS_4202524185_4202524186_623915943_623915946_#8more,,,3046.10,1663.97,68
6263888508,joinedS_4202524185_4202524186_623915943_623915946_#8more,,,3059.35,1638.20,68
6263888510,joinedS_4202524185_4202524186_623915943_623915946_#8more,,,3045.15,1636.82,68
6263888515,6263888515,,,3252.13,1726.07,6
6263888517,joinedS_2528053325_623979890_6263888517_6263888518_#4more,,,3254.92,1709.23,39
6263888518,joinedS_2528053325_623979890_6263888517_6263888518_#4more,,,3257.77,1702.02,39
6263888520,joinedS_2528053325_623979890_6263888517_6263888518_#4more,,,3231.22,1695.47,39
6263888521,joinedS_2528053325_623979890_6263888517_6263888518_#4more,,,3229.47,1702.07,39
6263888524,joinedS_2528053325_623979890_6263888517_6263888518_#4more,,,3226.50,1722.37,39
6263888525,joinedS_2528053325_623979890_6263888517_6263888518_#4more,,,3226.17,1717.07,39
6263888526,joinedS_6263888526_631822123_631822125_6691406886_#2more,,,3076.78,1726.62,50
6263888536,joinedS_4202524185_4202524186_623915943_623915946_#8more,,,3073.54,1661.31,68
6263888537,joinedS_4202524185_4202524186_623915943_623915946_#8more,,,3073.63,1654.06,68
6299442133,joinedS_269201135_6299442133_6395490563_6395490564_#7more,,,1156.66,664.20,61
631668954,joinedS_11510670762_3086736519_3086736520_3208478133_#21more,,,1946.59,1435.77,97
631668971,joinedS_11510670762_3086736519_3086736520_3208478133_#21more,,,1924.58,1442.66,97
631668984,joinedS_13377838020_13377838031_13377838038_13377838039_#10more,,,1913.62,846.39,43
631669071,joinedS_13377838029_13377838034_13377838040_13377838070_#18more,,,1928.70,640.58,70
631669177,joinedS_13377838071_13377838072_13377838078_13377838088_#7more,,,1923.95,456.46,36
631669346,631669346,,,2386.58,427.73,5
631669427,631669427,,,2388.32,469.75,5
631669428,631669428,,,2466.54,467.55,1
631669437,631669437,,,2388.84,836.96,12
631669765,joinedS_13377838029_13377838034_13377838040_13377838070_#18more,,,1926.57,604.41,70
631821693,631821693,,,2311.59,2142.82,2
631821694,joinedS_4977753976_631821694_631822077,,,2300.24,1749.97,16
631821706,631821706,,,2707.37,2128.48,1
631821747,631821747,,,2358.83,2029.91,4
631821932,joinedS_2461138530_6223079734_631821932_631822001,,,2805.06,1590.56,32
631821938,joinedS_631821938_631821979,,,2469.16,1524.94,17
631821979,joinedS_631821938_631821979,,,2470.54,1516.70,17
631821994,631821994,,,2878.89,1917.57,16
631821995,joinedS_631821995_7578669981_7578669982_7578669983_#2more,,,2873.05,1735.97,28
631821997,joinedS_631821997_631821998_7578670096_7578670097_#2more,,,2877.14,1609.52,30
631821998,joinedS_631821997_631821998_7578670096_7578670097_#2more,,,2874.65,1601.70,30
631822001,joinedS_2461138530_6223079734_631821932_631822001,,,2814.09,1586.60,32
631822003,631822003,,,2891.52,1345.44,5
631822036,631822036,,,3037.75,1429.19,6
631822072,631822072,,,3066.06,1841.86,8
631822077,joinedS_4977753976_631821694_631822077,,,2312.49,1750.46,16
631822079,joinedS_11224250307_4375805940_4504820336_631822079_#2more,,,2347.52,1752.39,16
631822118,631822118,,,2566.93,1745.65,2
631822119,joinedS_631822119_631822120_7578670138_7578670139_#2more,,,2566.28,1539.90,23
631822120,joinedS_631822119_631822120_7578670138_7578670139_#2more,,,2567.87,1531.84,23
631822122,joinedS_3945157130_4504820321_4504820323_4504820326_#4more,,,2697.16,1741.47,40
631822123,joinedS_6263888526_631822123_631822125_6691406886_#2more,,,3047.91,1730.63,50
631822125,joinedS_6263888526_631822123_631822125_6691406886_#2more,,,3061.89,1727.08,50
631822153,631822153,,,3069.72,1942.67,4
631822156,631822156,,,3054.48,1911.27,8
631822157,631822157,,,3414.93,1930.83,2
631822171,631822171,,,2702.14,1921.27,18
631822172,joinedS_2527532992_631822172_7578670143_7578670144_#3more,,,2708.38,1566.16,35
6354698710,joinedS_25423625_4436527894_4525683911_4525683912_#8more,,,3050.21,1370.09,50
6354698711,joinedS_25423625_4436527894_4525683911_4525683912_#8more,,,3035.79,1369.43,50
6376068869,6376068869,,,1022.82,1550.81,3
6376068871,6376068871,,,1014.99,1522.07,3
638213093,638213093,,,1661.14,2154.95,1
6395490558,joinedS_4539178732_4539178751_6207335476_6207335477_#11more,,,1465.50,658.59,68
6395490563,joinedS_269201135_6299442133_6395490563_6395490564_#7more,,,1144.23,659.47,61
6395490564,joinedS_269201135_6299442133_6395490563_6395490564_#7more,,,1140.73,647.01,61
6395490565,joinedS_269201135_6299442133_6395490563_6395490564_#7more,,,1137.66,636.12,61
6395490566,joinedS_269201135_6299442133_6395490563_6395490564_#7more,,,1165.88,657.24,61
6395490567,joinedS_269201135_6299442133_6395490563_6395490564_#7more,,,1160.06,634.07,61
6395490568,joinedS_269201135_6299442133_6395490563_6395490564_#7more,,,1162.92,644.87,61
6397117059,joinedS_25423625_4436527894_4525683911_4525683912_#8more,,,3059.68,1340.90,50
6397117060,joinedS_25423625_4436527894_4525683911_4525683912_#8more,,,3060.37,1365.51,50
6397118808,6397118808,,,1160.61,1322.16,3
6397118809,6397118809,,,1157.17,1309.75,4
6397118810,6397118810,,,1132.35,1316.71,4
6397118811,6397118811,,,1135.89,1329.04,4
6397118896,joinedS_618866534_619120421_6397118896_6397118897_#2more,,,3379.73,990.12,31
6397118897,joinedS_618866534_619120421_6397118896_6397118897_#2more,,,3379.41,975.25,31
648172966,joinedS_4539178732_4539178751_6207335476_6207335477_#11more,,,1462.92,648.30,68
648172969,joinedS_4539178732_4539178751_6207335476_6207335477_#11more,,,1459.26,636.39,68
648172971,joinedS_4539178732_4539178751_6207335476_6207335477_#11more,,,1455.55,624.30,68
648172973,648172973,,,1363.58,287.55,3
648172998,joinedS_13377838071_13377838072_13377838078_13377838088_#7more,,,1902.85,465.91,36
648173036,joinedS_5051817839_648172987_648173036,,,1362.26,184.25,6
648173078,joinedS_4539178732_4539178751_6207335476_6207335477_#11more,,,1467.32,624.17,68
648173081,joinedS_4539178732_4539178751_6207335476_6207335477_#11more,,,1471.50,636.05,68
648173084,joinedS_4539178732_4539178751_6207335476_6207335477_#11more,,,1475.57,647.44,68
648173087,joinedS_280389395_648173087_6681285081_6681285082_#2more,,,1563.70,920.58,28
648173104,joinedS_648173104_648173132_648173192_7702094887_#5more,,,1574.38,633.11,28
648173105,joinedS_269201135_6299442133_6395490563_6395490564_#7more,,,1151.38,645.20,61
648173107,joinedS_12185478575_1720485444_346114642_4514904152_#7more,,,788.17,702.38,45
648173130,joinedS_13377838029_13377838034_13377838040_13377838070_#18more,,,1906.94,637.14,70
648173132,joinedS_648173104_648173132_648173192_7702094887_#5more,,,1576.64,644.81,28
648173192,joinedS_648173104_648173132_648173192_7702094887_#5more,,,1572.11,621.99,28
648173196,joinedS_269201135_6299442133_6395490563_6395490564_#7more,,,1148.63,634.88,61
654326102,joinedS_6256180031_6256180034_6256180035_6256180040_#5more,,,1649.07,1770.83,50
654326129,joinedS_6256180031_6256180034_6256180035_6256180040_#5more,,,1623.27,1752.51,50
654326185,joinedS_6256180031_6256180034_6256180035_6256180040_#5more,,,1596.14,1733.55,50
654326213,joinedS_4217592199_4502831467_4502831468_4502831471_#4more,,,1940.44,1762.23,34
654326238,joinedS_4217592199_4502831467_4502831468_4502831471_#4more,,,1954.64,1761.70,34
6547957810,joinedS_1446842498_6547957810_6547957814,,,1519.74,777.62,10
6547957811,joinedS_1446842500_6547957811_6547957815,,,1507.59,781.81,10
6547957814,joinedS_1446842498_6547957810_6547957814,,,1515.96,766.43,10
6547957815,joinedS_1446842500_6547957811_6547957815,,,1503.48,769.25,10
655374960,655374960,,,1825.78,1280.47,4
655375108,joinedS_3086736522_655375108_655375246_655375247_#8more,,,1710.14,1500.48,27
655375228,joinedS_4868177053_4868177068_655375228_655375239_#1more,IJTJ9,八德路一段-金山北路,1636.99,1233.23,27
655375231,joinedS_655375231_6982059025_6982059026_6982059035_#1more,,,2203.38,1439.66,18
655375232,joinedS_3086736518_4510431305_655375232_655375233_#5more,IK9KC,八德路二段-市民三段,2124.79,1381.06,37
655375233,joinedS_3086736518_4510431305_655375232_655375233_#5more,IK9KC,八德路二段-市民三段,2099.55,1361.51,37
655375235,joinedS_2528018119_4189528019_4217592189_4554226136_#4more,,,1962.34,1316.06,44
655375236,joinedS_2528018119_4189528019_4217592189_4554226136_#4more,,,1945.76,1311.91,44
655375239,joinedS_4868177053_4868177068_655375228_655375239_#1more,IJTJ9,八德路一段-金山北路,1658.84,1238.72,27
655375240,joinedS_4868177053_4868177068_655375228_655375239_#1more,IJTJ9,八德路一段-金山北路,1631.40,1231.83,27
655375241,joinedS_655375241_655375242,IJTJ8,忠孝東二段--八德路一段,1541.29,1209.19,13
655375242,joinedS_655375241_655375242,IJTJ8,忠孝東二段--八德路一段,1537.38,1195.10,13
655375246,joinedS_3086736522_655375108_655375246_655375247_#8more,,,1712.57,1508.52,27
655375247,joinedS_3086736522_655375108_655375246_655375247_#8more,,,1706.62,1489.66,27
655375248,655375248,,,1623.60,1198.99,3
655375249,655375249,,,1600.40,1176.49,4
655375286,655375286,,,1716.34,1601.99,2
655375293,joinedS_11510670762_3086736519_3086736520_3208478133_#21more,,,1925.36,1475.03,97
655375296,joinedS_11510670762_3086736519_3086736520_3208478133_#21more,,,1932.56,1484.75,97
655375319,joinedS_11510670762_3086736519_3086736520_3208478133_#21more,,,1919.57,1495.52,97
655375336,joinedS_11510670762_3086736519_3086736520_3208478133_#21more,,,1945.62,1412.60,97
655375345,joinedS_11510670762_3086736519_3086736520_3208478133_#21more,,,1924.37,1418.93,97
655375393,655375393,,,1248.93,1645.09,2
655375401,joinedS_3086736522_655375108_655375246_655375247_#8more,,,1728.51,1483.12,27
655375489,joinedS_3086736522_655375108_655375246_655375247_#8more,,,1729.27,1502.98,27
655375505,655375505,,,1051.37,1711.37,2
655375573,joinedS_2038168688_4868328896_4868328897_4868328900_#2more,,,1717.92,1154.37,34
655375574,655375574,,,1660.93,1172.31,3
655375578,655375578,,,1632.05,1151.55,1
656132411,joinedS_4374470814_4374470816_4502831484_4502831485_#2more,,,1950.37,1611.12,37
656132426,joinedS_4502831460_4502831461_4502831464_4502831465_#2more,,,1959.54,1954.38,33
656132429,656132429,,,2132.67,2040.17,9
656132446,656132446,,,1960.06,2003.31,6
656132459,joinedS_6256180026_656132459,,,1653.05,1713.62,5
656132471,joinedS_5031897372_5031897373_656132471,,,2124.91,1756.38,20
656132475,joinedS_4374470814_4374470816_4502831484_4502831485_#2more,,,1937.08,1611.58,37
656132482,joinedS_4502831460_4502831461_4502831464_4502831465_#2more,,,1945.19,1953.96,33
656132495,656132495,,,1793.97,1766.27,16
656132497,656132497,,,1781.73,1590.71,1
656132500,656132500,,,1653.33,1905.81,2
656132503,656132503,,,1504.57,1948.35,4
656132505,656132505,,,1799.61,1990.90,9
656132506,656132506,,,1656.08,1992.72,16
656132508,656132508,,,1804.08,2152.50,1
656132663,656132663,,,2135.59,2146.80,1
656415927,656415927,,,1457.36,1980.68,5
656415965,656415965,,,1483.90,1917.20,2
656415968,656415968,,,1141.12,1979.76,2
656415974,656415974,,,1003.73,2177.93,1
656415975,joinedS_656415975_7702094922_7702094923,,,927.52,1892.55,20
656415976,656415976,,,912.86,1840.46,2
656415977,656415977,,,898.58,1723.70,2
656416019,joinedS_656416019_7578669912_7578669914,,,1459.13,1753.25,13
656416041,joinedS_656416041_7578663863_7578663864,,,1282.20,1800.07,16
656416051,joinedS_3196999068_656416051,,,1246.10,1668.99,7
656416081,656416081,,,701.12,1703.93,4
656416084,joinedS_656416084_656416180_656416199_7578670047_#7more,,,805.15,1925.88,56
656416093,656416093,,,966.06,1346.02,2
656416097,656416097,,,997.96,1368.17,4
656416099,656416099,,,1013.80,1517.77,3
656416103,656416103,,,1085.29,1707.44,2
656416106,joinedS_656416106_7578663866_7578663867_7578663868_#1more,,,1101.43,1847.13,25
656416180,joinedS_656416084_656416180_656416199_7578670047_#7more,,,791.70,1929.80,56
656416181,656416181,,,712.66,1762.25,2
656416182,656416182,,,686.30,1729.66,2
656416183,656416183,,,593.01,1492.06,1
656416184,656416184,,,555.41,1467.39,3
656416199,joinedS_656416084_656416180_656416199_7578670047_#7more,,,815.80,1922.61,56
656416203,656416203,,,744.37,1738.15,2
656416206,656416206,,,712.17,1702.39,1
656416209,656416209,,,635.22,1469.80,3
656416212,656416212,,,600.47,1434.75,2
656416225,656416225,,,487.66,1032.27,2
656416255,656416255,,,978.64,1391.28,3
656416256,656416256,,,604.38,1484.83,4
656416294,656416294,,,1067.78,1720.22,2
656416299,656416299,,,725.19,1757.19,4
656416323,656416323,,,1042.48,1691.43,2
6612040617,joinedS_1446745542_1933369991_5051817844_6612040617_#4more,,,1069.17,346.59,35
6612040618,joinedS_269201135_6299442133_6395490563_6395490564_#7more,,,1146.23,625.82,61
6681285081,joinedS_280389395_648173087_6681285081_6681285082_#2more,,,1561.10,910.63,28
6681285082,joinedS_280389395_648173087_6681285081_6681285082_#2more,,,1548.59,914.50,28
6681320985,6681320985,,,1580.49,1197.23,3
6691390582,joinedS_618866230_619136879_6257336101_6257336102_#2more,,,3030.03,783.86,30
6691390583,joinedS_618866230_619136879_6257336101_6257336102_#2more,,,3018.12,784.89,30
6691406886,joinedS_6263888526_631822123_631822125_6691406886_#2more,,,3061.55,1713.14,50
6691406887,joinedS_6263888526_631822123_631822125_6691406886_#2more,,,3047.63,1713.50,50
6924514558,joinedS_4539178732_4539178751_6207335476_6207335477_#11more,,,1451.72,648.78,68
6924514564,joinedS_4539178732_4539178751_6207335476_6207335477_#11more,,,1481.02,635.77,68
6924514571,joinedS_4539178732_4539178751_6207335476_6207335477_#11more,,,1487.48,646.71,68
6924514583,joinedS_4539178732_4539178751_6207335476_6207335477_#11more,,,1448.44,636.71,68
694352600,joinedS_1446745542_1933369991_5051817844_6612040617_#4more,,,1066.45,339.92,35
6963991208,6963991208,,,1139.13,1972.26,2
6963991209,6963991209,,,1131.88,1974.31,2
6982059025,joinedS_655375231_6982059025_6982059026_6982059035_#1more,,,2223.42,1450.18,18
6982059026,joinedS_655375231_6982059025_6982059026_6982059035_#1more,,,2217.08,1457.11,18
6982059029,joinedS_623980147_623980152_6982059029_6982059030,,,2282.91,1481.58,21
6982059030,joinedS_623980147_623980152_6982059029_6982059030,,,2282.79,1489.41,21
6982059035,joinedS_655375231_6982059025_6982059026_6982059035_#1more,,,2198.81,1452.79,18
6982059036,joinedS_655375231_6982059025_6982059026_6982059035_#1more,,,2186.33,1441.37,18
6982059038,joinedS_3086736518_4510431305_655375232_655375233_#5more,IK9KC,八德路二段-市民三段,2128.36,1355.80,37
6982059040,joinedS_3086736518_4510431305_655375232_655375233_#5more,IK9KC,八德路二段-市民三段,2140.83,1378.16,37
6982059042,joinedS_3086736518_4510431305_655375232_655375233_#5more,IK9KC,八德路二段-市民三段,2135.45,1388.52,37
6982059051,joinedS_3086736518_4510431305_655375232_655375233_#5more,IK9KC,八德路二段-市民三段,2111.35,1383.66,37
6982059054,joinedS_3086736518_4510431305_655375232_655375233_#5more,IK9KC,八德路二段-市民三段,2086.48,1366.77,37
7199509888,joinedS_280389395_648173087_6681285081_6681285082_#2more,,,1567.70,932.28,28
7199509889,joinedS_280389395_648173087_6681285081_6681285082_#2more,,,1554.02,936.30,28
7578663854,joinedS_618649292_618649300_618649328_618649339_#10more,,,3240.79,575.06,53
7578663855,joinedS_618649292_618649300_618649328_618649339_#10more,,,3240.30,560.93,53
7578663856,joinedS_618649292_618649300_618649328_618649339_#10more,,,3241.23,587.90,53
7578663857,joinedS_618649292_618649300_618649328_618649339_#10more,,,3241.70,601.39,53
7578663858,joinedS_618649292_618649300_618649328_618649339_#10more,,,3266.60,574.25,53
7578663859,joinedS_618649292_618649300_618649328_618649339_#10more,,,3267.24,559.99,53
7578663860,joinedS_618649292_618649300_618649328_618649339_#10more,,,3266.03,586.95,53
7578663861,joinedS_618649292_618649300_618649328_618649339_#10more,,,3265.42,600.48,53
7578663863,joinedS_656416041_7578663863_7578663864,,,1275.39,1801.77,16
7578663864,joinedS_656416041_7578663863_7578663864,,,1287.93,1798.54,16
7578663866,joinedS_656416106_7578663866_7578663867_7578663868_#1more,,,1098.87,1837.49,25
7578663867,joinedS_656416106_7578663866_7578663867_7578663868_#1more,,,1114.45,1843.67,25
7578663868,joinedS_656416106_7578663866_7578663867_7578663868_#1more,,,1108.83,1859.18,25
7578663869,joinedS_656416106_7578663866_7578663867_7578663868_#1more,,,1102.23,1861.00,25
7578669912,joinedS_656416019_7578669912_7578669914,,,1466.40,1751.31,13
7578669914,joinedS_656416019_7578669912_7578669914,,,1451.06,1755.40,13
7578669981,joinedS_631821995_7578669981_7578669982_7578669983_#2more,,,2883.77,1735.63,28
7578669982,joinedS_631821995_7578669981_7578669982_7578669983_#2more,,,2883.73,1730.07,28
7578669983,joinedS_631821995_7578669981_7578669982_7578669983_#2more,,,2865.02,1736.21,28
7578669984,joinedS_631821995_7578669981_7578669982_7578669983_#2more,,,2864.58,1730.68,28
7578669985,7578669985,,,2461.94,1748.81,2
7578669986,7578669986,,,2461.86,1743.25,2
7578670047,joinedS_656416084_656416180_656416199_7578670047_#7more,,,799.68,1946.75,56
7578670048,joinedS_656416084_656416180_656416199_7578670047_#7more,,,821.31,1936.71,56
7578670049,joinedS_656416084_656416180_656416199_7578670047_#7more,,,811.78,1941.12,56
7578670051,joinedS_656416084_656416180_656416199_7578670047_#7more,,,810.56,1909.94,56
7578670052,joinedS_656416084_656416180_656416199_7578670047_#7more,,,799.94,1914.88,56
7578670053,joinedS_656416084_656416180_656416199_7578670047_#7more,,,787.47,1920.66,56
7578670096,joinedS_631821997_631821998_7578670096_7578670097_#2more,,,2889.90,1605.77,30
7578670097,joinedS_631821997_631821998_7578670096_7578670097_#2more,,,2888.27,1612.73,30
7578670098,joinedS_3086736522_655375108_655375246_655375247_#8more,,,1703.59,1477.94,27
7578670099,joinedS_3086736522_655375108_655375246_655375247_#8more,,,1727.86,1470.09,27
7578670101,joinedS_3086736522_655375108_655375246_655375247_#8more,,,1737.38,1500.96,27
7578670102,joinedS_3086736522_655375108_655375246_655375247_#8more,,,1734.33,1481.43,27
7578670106,7578670106,,,1066.54,1715.52,2
7578670107,joinedS_7578670107_7578670108_965533193,,,839.87,1588.86,20
7578670108,joinedS_7578670107_7578670108_965533193,,,857.72,1583.85,20
7578670109,7578670109,,,690.85,1629.63,2
7578670112,7578670112,,,647.86,1617.11,1
7578670115,7578670115,,,672.74,1611.92,1
7578670118,7578670118,,,689.42,1649.84,1
7578670120,7578670120,,,733.78,1748.08,2
7578670121,7578670121,,,723.08,1752.74,4
7578670122,7578670122,,,710.74,1758.11,2
7578670138,joinedS_631822119_631822120_7578670138_7578670139_#2more,,,2559.94,1530.47,23
7578670139,joinedS_631822119_631822120_7578670138_7578670139_#2more,,,2559.50,1538.87,23
7578670141,joinedS_631822119_631822120_7578670138_7578670139_#2more,,,2576.02,1533.24,23
7578670142,joinedS_631822119_631822120_7578670138_7578670139_#2more,,,2574.62,1541.14,23
7578670143,joinedS_2527532992_631822172_7578670143_7578670144_#3more,,,2723.53,1563.07,35
7578670144,joinedS_2527532992_631822172_7578670143_7578670144_#3more,,,2720.01,1569.11,35
7578670145,joinedS_2527532992_631822172_7578670143_7578670144_#3more,,,2706.91,1573.15,35
7578670146,joinedS_2527532992_631822172_7578670143_7578670144_#3more,,,2699.59,1556.79,35
7578670147,joinedS_2527532992_631822172_7578670143_7578670144_#3more,,,2697.49,1563.56,35
7578670148,joinedS_631821997_631821998_7578670096_7578670097_#2more,,,2868.52,1599.95,30
7578670149,joinedS_631821997_631821998_7578670096_7578670097_#2more,,,2867.01,1606.72,30
7578670194,joinedS_1223756314_1223757286_2766951689_5247481909_#5more,,,979.73,672.37,28
7578670195,joinedS_1223756314_1223757286_2766951689_5247481909_#5more,,,983.30,683.78,28
7578670424,joinedS_631821995_7578669981_7578669982_7578669983_#2more,,,2872.81,1730.42,28
7578670425,joinedS_3945157130_4504820321_4504820323_4504820326_#4more,,,2709.74,1735.51,40
7578670426,joinedS_3945157130_4504820321_4504820323_4504820326_#4more,,,2697.13,1735.92,40
7578670427,joinedS_3945157130_4504820321_4504820323_4504820326_#4more,,,2685.54,1736.27,40
7578670428,7578670428,,,2576.19,1739.69,2
7578670429,7578670429,,,2567.03,1740.10,2
7578670431,joinedS_11224250307_4375805940_4504820336_631822079_#2more,,,2357.22,1746.53,16
7578670432,joinedS_6263888526_631822123_631822125_6691406886_#2more,,,3047.82,1725.07,50
7592277972,joinedS_1223756314_1223757286_2766951689_5247481909_#5more,,,976.24,661.24,28
7702094887,joinedS_648173104_648173132_648173192_7702094887_#5more,,,1581.72,632.90,28
7702094888,joinedS_648173104_648173132_648173192_7702094887_#5more,,,1580.15,621.48,28
7702094889,joinedS_648173104_648173132_648173192_7702094887_#5more,,,1583.39,644.70,28
7702094891,joinedS_648173104_648173132_648173192_7702094887_#5more,,,1566.15,633.34,28
7702094892,joinedS_648173104_648173132_648173192_7702094887_#5more,,,1563.22,622.45,28
7702094893,joinedS_648173104_648173132_648173192_7702094887_#5more,,,1569.30,645.11,28
7702094894,joinedS_3086736522_655375108_655375246_655375247_#8more,,,1704.03,1511.31,27
7702094895,joinedS_3086736522_655375108_655375246_655375247_#8more,,,1697.35,1492.09,27
7702094896,7702094896,,,891.61,1701.88,2
7702094898,7702094898,,,893.66,1724.04,2
7702094899,7702094899,,,1081.66,1708.06,2
7702094900,7702094900,,,1077.19,1687.04,1
7702094901,7702094901,,,731.19,1719.91,2
7702094902,7702094902,,,738.77,1739.28,2
7702094903,7702094903,,,867.58,1703.78,3
7702094904,7702094904,,,871.44,1725.31,2
7702094905,7702094905,,,698.20,1747.84,2
7702094906,7702094906,,,689.97,1728.85,2
7702094922,joinedS_656415975_7702094922_7702094923,,,922.88,1894.22,20
7702094923,joinedS_656415975_7702094922_7702094923,,,934.08,1890.90,20
7702094933,joinedS_2142307087_2142307088_2144167929_4420563241_#3more,,,634.85,1971.50,29
7702094936,7702094936,,,602.42,1980.13,3
7702094938,joinedS_656416084_656416180_656416199_7578670047_#7more,,,780.63,1932.75,56
7702094940,joinedS_2142307087_2142307088_2144167929_4420563241_#3more,,,667.62,1962.79,29
7702094943,7702094943,,,591.27,1983.09,3
7702095011,joinedS_656416084_656416180_656416199_7578670047_#7more,,,826.06,1919.79,56
7721115264,joinedS_618866534_619120421_6397118896_6397118897_#2more,,,3365.51,990.40,31
7721115265,joinedS_618866534_619120421_6397118896_6397118897_#2more,,,3365.30,975.81,31
7723486808,7723486808,,,452.97,907.61,2
7723489420,joinedS_280389388_4539051863_7723489420_7723489421_#1more,,,1254.33,1017.88,32
7723489421,joinedS_280389388_4539051863_7723489420_7723489421_#1more,,,1260.99,1005.19,32
7723489422,joinedS_280389388_4539051863_7723489420_7723489421_#1more,,,1239.31,1011.16,32
7723489432,7723489432,,,1640.34,899.61,2
7723489433,7723489433,,,1653.30,896.19,2
7723489436,joinedS_2178660139_7723489436,,,1746.63,870.56,8
7723489483,joinedS_4777363344_622618015_622618144_622618197_#2more,IK7KP,建國南一段-市民三段,2346.84,1356.57,18
7723489484,joinedS_4777363344_622618015_622618144_622618197_#2more,IK7KP,建國南一段-市民三段,2340.85,1367.05,18
7723489486,7723489486,,,2276.55,1361.53,2
7723489785,joinedS_622618112_622618230_7723489785_7723489786,IK7KP,建國南一段-市民三段,2274.83,1339.09,14
7723489786,joinedS_622618112_622618230_7723489785_7723489786,IK7KP,建國南一段-市民三段,2286.01,1368.10,14
7723490183,joinedS_1223756843_1446745543_6205739246_7723490183_#1more,,,896.19,436.43,19
7723490184,joinedS_1223756843_1446745543_6205739246_7723490183_#1more,,,889.95,425.92,19
7723490185,joinedS_1446745542_1933369991_5051817844_6612040617_#4more,,,1049.55,351.18,35
7723490187,joinedS_1446745542_1933369991_5051817844_6612040617_#4more,,,1073.78,311.86,35
7723490188,joinedS_1446745542_1933369991_5051817844_6612040617_#4more,,,1083.16,328.94,35
7723490826,joinedS_1446842514_7723490826_7723490827,,,1205.16,840.02,25
7723490827,joinedS_1446842514_7723490826_7723490827,,,1210.55,859.49,25
7782558672,joinedS_622617470_623979803_7782558672_7782558673_#3more,,,3339.88,1712.68,37
7782558673,joinedS_622617470_623979803_7782558672_7782558673_#3more,,,3339.44,1721.65,37
7782558674,joinedS_622617470_623979803_7782558672_7782558673_#3more,,,3339.70,1719.40,37
7782558680,joinedS_1962923607_3196847535_7782558680_7782558681,,,3398.37,1721.61,24
7782558681,joinedS_1962923607_3196847535_7782558680_7782558681,,,3398.17,1712.78,24
7782558682,joinedS_622617470_623979803_7782558672_7782558673_#3more,,,3350.89,1721.57,37
7782558683,joinedS_622617470_623979803_7782558672_7782558673_#3more,,,3350.30,1712.89,37
9383240480,9383240480,,,1154.15,1340.15,1
9383240485,9383240485,,,948.80,1367.53,4
9383263989,9383263989,,,1317.61,1246.85,6
9402530958,9402530958,,,591.33,1332.47,2
9402530959,9402530959,,,537.00,1346.68,3
9402558758,9402558758,,,793.91,1394.75,2
9402558759,9402558759,,,805.57,1437.45,2
9402558764,9402558764,,,1039.25,1532.39,2
9402558765,9402558765,,,1002.07,1543.02,2
9402568667,9402568667,,,874.64,1687.50,2
9402568668,9402568668,,,883.96,1737.64,2
9631728504,joinedS_11510670762_3086736519_3086736520_3208478133_#21more,,,1936.58,1466.88,97
9631736224,joinedS_11510670762_3086736519_3086736520_3208478133_#21more,,,1945.56,1472.36,97
965533172,965533172,,,817.25,1419.19,3
965533187,965533187,,,785.95,1411.70,3
965533193,joinedS_7578670107_7578670108_965533193,,,847.52,1586.73,20
965533210,joinedS_2727211119_965533210,,,769.84,1283.64,15
965533220,965533220,,,856.09,1704.76,3
9740924009,9740924009,,,2420.46,594.33,3
9740924010,9740924010,,,2420.68,601.34,1
9740924011,9740924011,,,2421.32,620.72,2
9740924012,9740924012,,,2421.09,613.69,2
9806495493,joinedS_13377838029_13377838034_13377838040_13377838070_#18more,,,1902.95,647.97,70
9806495498,joinedS_13377838029_13377838034_13377838040_13377838070_#18more,,,1930.69,592.74,70
cluster_1223757532_3145249104_385077754,cluster_1223757532_3145249104_385077754,,,260.78,1954.15,1
cluster_12702149434_4869910484,cluster_12702149434_4869910484,,,3075.44,2099.94,4
cluster_13266803229_7728491285,cluster_13266803229_7728491285,,,3508.41,1097.49,2
cluster_13266803253_7728491286,cluster_13266803253_7728491286,,,3512.31,1199.91,1
cluster_1466455161_5247483186,cluster_1466455161_5247483186,,,456.69,742.02,2
cluster_1466455165_5247483185,cluster_1466455165_5247483185,,,459.61,753.74,3
cluster_1466455170_648173142,cluster_1466455170_648173142,,,461.46,766.24,2
cluster_181184587_253559061_618865977_618865982,joinedS_4504820291_4510462195_4510564553_5296993479_#5more,,,3029.67,992.85,51
cluster_5246605982_656416087,cluster_5246605982_656416087,,,897.64,2179.29,1
cluster_619136818_619136847,cluster_619136818_619136847,,,2589.41,193.90,2
